Trade #,Type,Date/Time,Signal,Price USDT,Position size (qty),Position size (value),Net P&L USDT,Net P&L %,Run-up USDT,Run-up %,Drawdown USDT,Drawdown %,Cumulative P&L USDT,Cumulative P&L %
1,Exit long,2025-07-02 19:00,Long Trail,39.311,3.725,145.271275,1.02,0.70,1.75,1.20,-8.13,-5.59,0.84,0.08
1,Entry long,2025-07-01 16:15,buy,38.999,3.725,145.271275,1.02,0.70,1.75,1.20,-8.13,-5.59,0.84,0.08
2,Exit long,2025-07-02 19:00,Long Trail,39.311,1.331,51.066477,1.2,2.36,1.31,2.56,-2.06,-4.04,2.07,0.21
2,Entry long,2025-07-01 21:15,L_2,38.367,1.331,51.066477,1.2,2.36,1.31,2.56,-2.06,-4.04,2.07,0.21
3,Exit long,2025-07-02 19:00,Long Trail,39.311,2.988,114.640596,2.7,2.36,2.94,2.56,-4.63,-4.04,4.83,0.48
3,Entry long,2025-07-01 21:15,L_2,38.367,2.988,114.640596,2.7,2.36,2.94,2.56,-4.63,-4.04,4.83,0.48
4,Exit long,2025-07-02 19:00,Long Trail,39.311,0.737,27.535057,1.41,5.11,1.47,5.32,-0.4,-1.45,6.25,0.63
4,Entry long,2025-07-01 22:15,L_3,37.361,0.737,27.535057,1.41,5.11,1.47,5.32,-0.4,-1.45,6.25,0.63
5,Exit long,2025-07-02 19:00,Long Trail,39.311,4.319,161.362159,8.26,5.11,8.6,5.32,-2.35,-1.45,14.59,1.46
5,Entry long,2025-07-01 22:15,L_3,37.361,4.319,161.362159,8.26,5.11,8.6,5.32,-2.35,-1.45,14.59,1.46
6,Exit long,2025-07-03 12:30,Long Cond TP,40.992,3.65,145.27365,4.2,2.89,4.33,2.98,-0.54,-0.37,18.79,1.88
6,Entry long,2025-07-03 03:15,buy,39.801,3.65,145.27365,4.2,2.89,4.33,2.98,-0.54,-0.37,18.79,1.88
7,Exit long,2025-07-04 11:00,Long Cond SL,38.298,3.579,145.250136,-8.32,-5.73,2.26,1.56,-8.68,-5.98,10.29,1.03
7,Entry long,2025-07-03 14:00,buy,40.584,3.579,145.250136,-8.32,-5.73,2.26,1.56,-8.68,-5.98,10.29,1.03
8,Exit long,2025-07-04 11:00,Long Cond SL,38.298,4.15,165.69705,-6.92,-4.18,5.35,3.23,-7.34,-4.43,3.45,0.35
8,Entry long,2025-07-03 15:30,L_2,39.927,4.15,165.69705,-6.92,-4.18,5.35,3.23,-7.34,-4.43,3.45,0.35
9,Exit long,2025-07-04 11:00,Long Cond SL,38.298,4.858,188.87904,-3.01,-1.60,1.39,0.73,-3.5,-1.85,0.53,0.05
9,Entry long,2025-07-04 09:15,L_3,38.88,4.858,188.87904,-3.01,-1.60,1.39,0.73,-3.5,-1.85,0.53,0.05
10,Exit long,2025-07-05 03:15,Long Cond TP,39.178,3.766,145.247088,2.15,1.48,2.44,1.68,-3.91,-2.69,2.6,0.26
10,Entry long,2025-07-04 15:45,buy,38.568,3.766,145.247088,2.15,1.48,2.44,1.68,-3.91,-2.69,2.6,0.26
11,Exit long,2025-07-05 03:15,Long Cond TP,39.178,4.367,165.701448,5.22,3.15,5.55,3.35,-1.8,-1.09,7.9,0.79
11,Entry long,2025-07-04 18:15,L_2,37.944,4.367,165.701448,5.22,3.15,5.55,3.35,-1.8,-1.09,7.9,0.79
12,Exit long,2025-07-05 18:00,Long Cond TP,39.624,3.739,145.26015,2.75,1.89,2.9,2.00,-0.78,-0.53,10.65,1.06
12,Entry long,2025-07-05 04:45,buy,38.85,3.739,145.26015,2.75,1.89,2.9,2.00,-0.78,-0.53,10.65,1.06
13,Exit long,2025-07-06 19:45,Long Cond TP,39.48,3.697,145.247736,0.56,0.39,1.36,0.94,-3.78,-2.60,11.13,1.11
13,Entry long,2025-07-05 19:15,buy,39.288,3.697,145.247736,0.56,0.39,1.36,0.94,-3.78,-2.60,11.13,1.11
14,Exit long,2025-07-06 19:45,Long Cond TP,39.48,4.287,165.696837,3.39,2.04,4.31,2.60,-1.65,-0.99,14.6,1.46
14,Entry long,2025-07-05 20:45,L_2,38.651,4.287,165.696837,3.39,2.04,4.31,2.60,-1.65,-0.99,14.6,1.46
15,Exit long,2025-07-07 01:00,Long Cond TP,39.919,3.711,145.274517,2.72,1.87,2.81,1.93,-0.43,-0.30,17.32,1.73
15,Entry long,2025-07-06 21:45,buy,39.147,3.711,145.274517,2.72,1.87,2.81,1.93,-0.43,-0.30,17.32,1.73
16,Exit long,2025-07-08 04:45,Long Cond SL,38.015,3.676,145.271844,-5.67,-3.90,2.3,1.58,-5.87,-4.04,11.56,1.16
16,Entry long,2025-07-07 04:15,buy,39.519,3.676,145.271844,-5.67,-3.90,2.3,1.58,-5.87,-4.04,11.56,1.16
17,Exit long,2025-07-08 04:45,Long Cond SL,38.015,4.262,165.702298,-3.85,-2.32,2.19,1.32,-4.08,-2.46,7.8,0.78
17,Entry long,2025-07-07 20:00,L_2,38.879,4.262,165.702298,-3.85,-2.32,2.19,1.32,-4.08,-2.46,7.8,0.78
18,Exit long,2025-07-08 21:30,Long Cond TP,38.875,4.989,188.878551,4.88,2.58,5.05,2.67,-4.58,-2.42,12.68,1.27
18,Entry long,2025-07-08 05:00,L_3,37.859,4.989,188.878551,4.88,2.58,5.05,2.67,-4.58,-2.42,12.68,1.27
19,Exit long,2025-07-09 15:15,Long Cond TP,39.663,3.747,145.259949,3.21,2.21,3.34,2.30,-0.14,-0.10,15.89,1.59
19,Entry long,2025-07-09 06:30,buy,38.767,3.747,145.259949,3.21,2.21,3.34,2.30,-0.14,-0.10,15.89,1.59
20,Exit long,2025-07-09 20:00,Long Cond TP,40.026,3.711,145.241118,3.15,2.17,3.76,2.59,-1.29,-0.89,19.04,1.90
20,Entry long,2025-07-09 17:00,buy,39.138,3.711,145.241118,3.15,2.17,3.76,2.59,-1.29,-0.89,19.04,1.90
21,Exit long,2025-07-10 05:15,Long Cond TP,41.652,3.573,145.253169,3.42,2.35,3.66,2.52,-0.57,-0.39,22.46,2.25
21,Entry long,2025-07-10 03:45,buy,40.653,3.573,145.253169,3.42,2.35,3.66,2.52,-0.57,-0.39,22.46,2.25
22,Exit long,2025-07-10 19:15,Long Trail,42.456,3.489,145.240092,2.74,1.89,3.04,2.09,-3.13,-2.15,25.12,2.51
22,Entry long,2025-07-10 13:00,buy,41.628,3.489,145.240092,2.74,1.89,3.04,2.09,-3.13,-2.15,25.12,2.51
23,Exit long,2025-07-10 19:15,Long Trail,42.456,4.046,165.695838,5.91,3.57,6.26,3.77,-0.89,-0.54,31.11,3.11
23,Entry long,2025-07-10 15:15,L_2,40.953,4.046,165.695838,5.91,3.57,6.26,3.77,-0.89,-0.54,31.11,3.11
24,Exit long,2025-07-11 00:30,Long Cond TP,43.845,3.401,145.270314,3.7,2.55,4.02,2.77,-0.41,-0.28,34.81,3.48
24,Entry long,2025-07-10 22:45,buy,42.714,3.401,145.270314,3.7,2.55,4.02,2.77,-0.41,-0.28,34.81,3.48
25,Exit long,2025-07-11 07:30,Long Cond TP,44.819,3.324,145.262124,3.57,2.46,3.79,2.61,-0.95,-0.65,38.38,3.84
25,Entry long,2025-07-11 03:30,buy,43.701,3.324,145.262124,3.57,2.46,3.79,2.61,-0.95,-0.65,38.38,3.84
26,Exit long,2025-07-11 22:15,Long Trail,46.789,3.192,145.248768,3.95,2.72,4.26,2.93,-1.51,-1.04,42.34,4.23
26,Entry long,2025-07-11 14:45,buy,45.504,3.192,145.248768,3.95,2.72,4.26,2.93,-1.51,-1.04,42.34,4.23
27,Exit long,2025-07-12 13:30,Long Trail,47.355,3.16,145.27152,4.22,2.91,4.52,3.11,-2.35,-1.62,46.56,4.66
27,Entry long,2025-07-12 00:00,buy,45.972,3.16,145.27152,4.22,2.91,4.52,3.11,-2.35,-1.62,46.56,4.66
28,Exit long,2025-07-13 04:00,Long Trail,47.78,3.111,145.265034,3.23,2.22,3.53,2.43,-5.13,-3.53,49.71,4.97
28,Entry long,2025-07-12 15:00,buy,46.694,3.111,145.265034,3.23,2.22,3.53,2.43,-5.13,-3.53,49.71,4.97
29,Exit long,2025-07-13 04:00,Long Trail,47.78,3.607,165.698366,6.48,3.91,6.82,4.11,-3.22,-1.94,56.27,5.63
29,Entry long,2025-07-12 15:45,L_2,45.938,3.607,165.698366,6.48,3.91,6.82,4.11,-3.22,-1.94,56.27,5.63
30,Exit long,2025-07-13 16:30,Long Cond TP,48.463,3.077,145.255939,3.72,2.56,3.9,2.68,-0.26,-0.18,59.98,6.00
30,Entry long,2025-07-13 05:45,buy,47.207,3.077,145.255939,3.72,2.56,3.9,2.68,-0.26,-0.18,59.98,6.00
31,Exit long,2025-07-13 23:15,Long Cond TP,49.258,3.016,145.238496,3.18,2.19,3.31,2.28,-0.24,-0.17,63.16,6.32
31,Entry long,2025-07-13 20:15,buy,48.156,3.016,145.238496,3.18,2.19,3.31,2.28,-0.24,-0.17,63.16,6.32
32,Exit long,2025-07-14 06:15,Long Trail,49.767,3,145.236,3.92,2.70,4.22,2.90,-1.74,-1.20,67.08,6.71
32,Entry long,2025-07-14 01:00,buy,48.412,3,145.236,3.92,2.70,4.22,2.90,-1.74,-1.20,67.08,6.71
33,Exit long,2025-07-16 03:30,Long Cond TP,48.506,2.962,145.24167,-1.71,-1.18,1.09,0.75,-7.53,-5.18,65.19,6.52
33,Entry long,2025-07-14 09:45,buy,49.035,2.962,145.24167,-1.71,-1.18,1.09,0.75,-7.53,-5.18,65.19,6.52
34,Exit long,2025-07-16 03:30,Long Cond TP,48.506,3.435,165.707835,0.74,0.45,2.69,1.62,-6.01,-3.62,66.02,6.60
34,Entry long,2025-07-14 12:45,L_2,48.241,3.435,165.707835,0.74,0.45,2.69,1.62,-6.01,-3.62,66.02,6.60
35,Exit long,2025-07-16 03:30,Long Cond TP,48.506,4.021,188.890496,5.96,3.15,6.11,3.23,-1.94,-1.03,72.07,7.21
35,Entry long,2025-07-14 21:45,L_3,46.976,4.021,188.890496,5.96,3.15,6.11,3.23,-1.94,-1.03,72.07,7.21
36,Exit long,2025-07-18 08:00,Long Cond TP,46.923,3.051,145.242855,-2.22,-1.53,2.62,1.80,-9.61,-6.61,69.67,6.97
36,Entry long,2025-07-16 05:00,buy,47.605,3.051,145.242855,-2.22,-1.53,2.62,1.80,-9.61,-6.61,69.67,6.97
37,Exit long,2025-07-18 08:00,Long Cond TP,46.923,3.538,165.698692,0.15,0.09,1.78,1.07,-8.41,-5.07,69.9,6.99
37,Entry long,2025-07-17 02:00,L_2,46.834,3.538,165.698692,0.15,0.09,1.78,1.07,-8.41,-5.07,69.9,6.99
38,Exit long,2025-07-18 08:00,Long Cond TP,46.923,4.142,188.89591,5.27,2.79,5.82,3.08,-4.75,-2.52,75.26,7.53
38,Entry long,2025-07-17 06:30,L_3,45.605,4.142,188.89591,5.27,2.79,5.82,3.08,-4.75,-2.52,75.26,7.53
39,Exit long,2025-07-20 16:00,Long Cond TP,45.915,3.131,145.262745,-1.65,-1.13,0.33,0.23,-10.67,-7.34,73.44,7.34
39,Entry long,2025-07-18 10:15,buy,46.395,3.131,145.262745,-1.65,-1.13,0.33,0.23,-10.67,-7.34,73.44,7.34
40,Exit long,2025-07-20 16:00,Long Cond TP,45.915,3.63,165.68409,0.82,0.50,1.11,0.67,-9.64,-5.82,74.34,7.43
40,Entry long,2025-07-18 14:15,L_2,45.643,3.63,165.68409,0.82,0.50,1.11,0.67,-9.64,-5.82,74.34,7.43
41,Exit long,2025-07-20 16:00,Long Cond TP,45.915,4.25,188.8955,6.05,3.20,6.39,3.38,-6.2,-3.28,80.49,8.05
41,Entry long,2025-07-18 18:15,L_3,44.446,4.25,188.8955,6.05,3.20,6.39,3.38,-6.2,-3.28,80.49,8.05
42,Exit long,2025-07-21 08:45,Long Cond TP,47.244,3.134,145.248364,2.67,1.84,2.76,1.90,-3.52,-2.42,83.07,8.31
42,Entry long,2025-07-20 21:15,buy,46.346,3.134,145.248364,2.67,1.84,2.76,1.90,-3.52,-2.42,83.07,8.31
43,Exit long,2025-07-21 08:45,Long Cond TP,47.244,3.634,165.69223,5.82,3.51,5.93,3.58,-1.35,-0.81,88.98,8.90
43,Entry long,2025-07-21 01:15,L_2,45.595,3.634,165.69223,5.82,3.51,5.93,3.58,-1.35,-0.81,88.98,8.90
44,Exit long,2025-07-22 03:30,Long Cond SL,44.057,3.087,145.231002,-9.37,-6.45,2.33,1.61,-9.48,-6.52,79.43,7.94
44,Entry long,2025-07-21 12:30,buy,47.046,3.087,145.231002,-9.37,-6.45,2.33,1.61,-9.48,-6.52,79.43,7.94
45,Exit long,2025-07-22 03:30,Long Cond SL,44.057,3.58,165.69672,-8.13,-4.91,4.37,2.64,-8.26,-4.98,71.38,7.14
45,Entry long,2025-07-21 16:00,L_2,46.284,3.58,165.69672,-8.13,-4.91,4.37,2.64,-8.26,-4.98,71.38,7.14
46,Exit long,2025-07-22 03:30,Long Cond SL,44.057,4.191,188.88837,-4.43,-2.35,5.58,2.95,-4.58,-2.42,67.04,6.70
46,Entry long,2025-07-21 20:45,L_3,45.07,4.191,188.88837,-4.43,-2.35,5.58,2.95,-4.58,-2.42,67.04,6.70
47,Exit long,2025-07-22 05:00,Long Trail,45.448,3.314,145.239364,5.23,3.60,5.53,3.80,-0.91,-0.63,72.27,7.23
47,Entry long,2025-07-22 04:15,buy,43.826,3.314,145.239364,5.23,3.60,5.53,3.80,-0.91,-0.63,72.27,7.23
48,Exit long,2025-07-22 15:00,Long Trail,45.085,3.295,145.266665,3.14,2.16,3.44,2.37,-3.48,-2.39,75.33,7.53
48,Entry long,2025-07-22 06:30,buy,44.087,3.295,145.266665,3.14,2.16,3.44,2.37,-3.48,-2.39,75.33,7.53
49,Exit long,2025-07-22 15:00,Long Trail,45.085,3.82,165.68486,6.37,3.84,6.72,4.05,-1.3,-0.79,81.78,8.18
49,Entry long,2025-07-22 07:45,L_2,43.373,3.82,165.68486,6.37,3.84,6.72,4.05,-1.3,-0.79,81.78,8.18
50,Exit long,2025-07-22 18:00,Long Trail,45.296,3.33,145.2546,5.43,3.74,5.73,3.95,-1.03,-0.71,87.22,8.72
50,Entry long,2025-07-22 17:00,buy,43.62,3.33,145.2546,5.43,3.74,5.73,3.95,-1.03,-0.71,87.22,8.72
51,Exit long,2025-07-23 01:00,Long Trail,44.94,3.32,145.24336,3.81,2.62,4.11,2.83,-0.86,-0.59,91.03,9.10
51,Entry long,2025-07-22 20:15,buy,43.748,3.32,145.24336,3.81,2.62,4.11,2.83,-0.86,-0.59,91.03,9.10
52,Exit long,2025-07-24 09:00,Long Cond SL,42.224,3.23,145.26279,-9.02,-6.21,0.78,0.54,-9.23,-6.35,81.83,8.18
52,Entry long,2025-07-23 06:45,buy,44.973,3.23,145.26279,-9.02,-6.21,0.78,0.54,-9.23,-6.35,81.83,8.18
53,Exit long,2025-07-24 09:00,Long Cond SL,42.224,3.745,165.69378,-7.73,-4.66,0.74,0.45,-7.97,-4.81,74.19,7.42
53,Entry long,2025-07-23 09:00,L_2,44.244,3.745,165.69378,-7.73,-4.66,0.74,0.45,-7.97,-4.81,74.19,7.42
54,Exit long,2025-07-24 09:00,Long Cond SL,42.224,4.384,188.880256,-3.96,-2.09,5.68,3.01,-4.24,-2.24,70.32,7.03
54,Entry long,2025-07-23 16:30,L_3,43.084,4.384,188.880256,-3.96,-2.09,5.68,3.01,-4.24,-2.24,70.32,7.03
55,Exit long,2025-07-24 15:00,Long Trail,43.056,3.437,145.271679,2.57,1.76,2.86,1.97,-2.85,-1.96,72.72,7.27
55,Entry long,2025-07-24 09:30,buy,42.267,3.437,145.271679,2.57,1.76,2.86,1.97,-2.85,-1.96,72.72,7.27
56,Exit long,2025-07-24 15:00,Long Trail,43.056,3.985,165.67239,5.74,3.46,6.08,3.67,-0.55,-0.33,78.54,7.85
56,Entry long,2025-07-24 09:30,L_2,41.574,3.985,165.67239,5.74,3.46,6.08,3.67,-0.55,-0.33,78.54,7.85
57,Exit long,2025-07-24 15:00,Long Trail,43.056,3.985,165.70427,5.71,3.44,6.05,3.65,-0.58,-0.35,84.33,8.43
57,Entry long,2025-07-24 09:45,L_2,41.582,3.985,165.70427,5.71,3.44,6.05,3.65,-0.58,-0.35,84.33,8.43
58,Exit long,2025-07-25 14:00,Long Trail,43.21,3.423,145.244736,2.52,1.73,2.81,1.94,-4.55,-3.13,86.77,8.68
58,Entry long,2025-07-24 19:30,buy,42.432,3.423,145.244736,2.52,1.73,2.81,1.94,-4.55,-3.13,86.77,8.68
59,Exit long,2025-07-25 14:00,Long Trail,43.21,3.969,165.685905,5.65,3.41,5.99,3.61,-2.55,-1.54,92.49,9.25
59,Entry long,2025-07-25 03:00,L_2,41.745,3.969,165.685905,5.65,3.41,5.99,3.61,-2.55,-1.54,92.49,9.25
60,Exit long,2025-07-26 01:00,Long Trail,43.725,3.39,145.27167,2.81,1.93,3.11,2.14,-2.69,-1.85,95.22,9.52
60,Entry long,2025-07-25 16:45,buy,42.853,3.39,145.27167,2.81,1.93,3.11,2.14,-2.69,-1.85,95.22,9.52
61,Exit long,2025-07-26 01:00,Long Trail,43.725,3.93,165.68487,5.99,3.61,6.33,3.82,-0.39,-0.24,101.29,10.13
61,Entry long,2025-07-25 18:30,L_2,42.159,3.93,165.68487,5.99,3.61,6.33,3.82,-0.39,-0.24,101.29,10.13
62,Exit long,2025-07-27 10:45,Long Cond SL,43.158,3.266,145.23902,-4.43,-3.05,1.38,0.95,-4.73,-3.25,96.78,9.68
62,Entry long,2025-07-26 10:00,buy,44.47,3.266,145.23902,-4.43,-3.05,1.38,0.95,-4.73,-3.25,96.78,9.68
63,Exit long,2025-07-27 10:45,Long Cond SL,43.158,3.787,165.677463,-2.4,-1.45,1.85,1.12,-2.75,-1.66,94.46,9.45
63,Entry long,2025-07-26 19:45,L_2,43.749,3.787,165.677463,-2.4,-1.45,1.85,1.12,-2.75,-1.66,94.46,9.45
64,Exit long,2025-07-27 21:00,Long Cond TP,44.114,3.374,145.247326,3.45,2.37,3.56,2.45,-2.17,-1.49,97.9,9.79
64,Entry long,2025-07-27 11:30,buy,43.049,3.374,145.247326,3.45,2.37,3.56,2.45,-2.17,-1.49,97.9,9.79
65,Exit long,2025-07-28 08:15,Long Cond TP,44.491,3.336,145.26612,3.01,2.07,3.61,2.49,-0.52,-0.36,100.91,10.09
65,Entry long,2025-07-28 00:00,buy,43.545,3.336,145.26612,3.01,2.07,3.61,2.49,-0.52,-0.36,100.91,10.09
66,Exit long,2025-07-28 16:30,Long Trail,45.531,3.287,145.239382,4.27,2.94,4.58,3.15,-0.92,-0.63,105.19,10.52
66,Entry long,2025-07-28 10:30,buy,44.186,3.287,145.239382,4.27,2.94,4.58,3.15,-0.92,-0.63,105.19,10.52
67,Exit long,2025-07-28 19:00,Long Cond TP,45.454,3.286,145.234628,3.98,2.74,4.06,2.79,-0.64,-0.44,109.17,10.92
67,Entry long,2025-07-28 17:30,buy,44.198,3.286,145.234628,3.98,2.74,4.06,2.79,-0.64,-0.44,109.17,10.92
68,Exit long,2025-07-29 16:30,Long Trail,45.226,3.23,145.24018,0.69,0.48,0.99,0.68,-7.54,-5.19,109.6,10.96
68,Entry long,2025-07-28 23:00,buy,44.966,3.23,145.24018,0.69,0.48,0.99,0.68,-7.54,-5.19,109.6,10.96
69,Exit long,2025-07-29 16:30,Long Trail,45.226,1.155,51.015195,1.17,2.29,1.27,2.50,-1.78,-3.48,110.8,11.08
69,Entry long,2025-07-28 23:00,L_2,44.169,1.155,51.015195,1.17,2.29,1.27,2.50,-1.78,-3.48,110.8,11.08
70,Exit long,2025-07-29 16:30,Long Trail,45.226,2.591,114.441879,2.62,2.29,2.86,2.50,-3.99,-3.48,113.48,11.35
70,Entry long,2025-07-28 23:00,L_2,44.169,2.591,114.441879,2.62,2.29,2.86,2.50,-3.99,-3.48,113.48,11.35
71,Exit long,2025-07-29 16:30,Long Trail,45.226,0.639,28.236132,0.63,2.25,0.69,2.45,-0.99,-3.52,114.12,11.41
71,Entry long,2025-07-28 23:00,L_2,44.188,0.639,28.236132,0.63,2.25,0.69,2.45,-0.99,-3.52,114.12,11.41
72,Exit long,2025-07-29 16:30,Long Trail,45.226,3.107,137.292116,3.09,2.25,3.37,2.45,-4.84,-3.52,117.28,11.73
72,Entry long,2025-07-28 23:00,L_2,44.188,3.107,137.292116,3.09,2.25,3.37,2.45,-4.84,-3.52,117.28,11.73
73,Exit long,2025-07-29 16:30,Long Trail,45.226,0.639,27.526203,1.34,4.88,1.4,5.09,-0.28,-1.03,118.64,11.86
73,Entry long,2025-07-29 01:30,L_3,43.077,0.639,27.526203,1.34,4.88,1.4,5.09,-0.28,-1.03,118.64,11.86
74,Exit long,2025-07-29 16:30,Long Trail,45.226,3.746,161.366442,7.88,4.88,8.22,5.09,-1.67,-1.03,126.6,12.66
74,Entry long,2025-07-29 01:30,L_3,43.077,3.746,161.366442,7.88,4.88,8.22,5.09,-1.67,-1.03,126.6,12.66
75,Exit long,2025-07-31 13:30,Long Cond TP,44.031,3.294,145.235754,-0.34,-0.24,0.68,0.47,-11.31,-7.78,126,12.60
75,Entry long,2025-07-29 17:15,buy,44.091,3.294,145.235754,-0.34,-0.24,0.68,0.47,-11.31,-7.78,126,12.60
76,Exit long,2025-07-31 13:30,Long Cond TP,44.031,3.82,163.69464,4.34,2.65,5.53,3.37,-8.38,-5.11,130.42,13.04
76,Entry long,2025-07-29 17:15,L_2,42.852,3.82,163.69464,4.34,2.65,5.53,3.37,-8.38,-5.11,130.42,13.04
77,Exit long,2025-07-31 13:30,Long Cond TP,44.031,3.82,165.66194,2.37,1.43,3.56,2.15,-10.34,-6.24,132.87,13.29
77,Entry long,2025-07-29 17:15,L_2,43.367,3.82,165.66194,2.37,1.43,3.56,2.15,-10.34,-6.24,132.87,13.29
78,Exit long,2025-07-31 13:30,Long Cond TP,44.031,4.472,188.892808,7.82,4.14,7.92,4.19,-7.06,-3.74,140.79,14.08
78,Entry long,2025-07-30 15:15,L_3,42.239,4.472,188.892808,7.82,4.14,7.92,4.19,-7.06,-3.74,140.79,14.08
79,Exit long,2025-07-31 19:30,Long Cond TP,44.626,3.338,145.25307,3.56,2.45,3.77,2.59,-1.05,-0.72,144.35,14.44
79,Entry long,2025-07-31 14:30,buy,43.515,3.338,145.25307,3.56,2.45,3.77,2.59,-1.05,-0.72,144.35,14.44
80,Exit long,2025-08-01 09:15,Long Cond SL,40.008,3.375,145.243125,-10.36,-7.13,0,0.00,-10.29,-7.08,133.82,13.38
80,Entry long,2025-07-31 21:00,buy,43.035,3.375,145.243125,-10.36,-7.13,0,0.00,-10.29,-7.08,133.82,13.38
81,Exit long,2025-08-01 09:15,Long Cond SL,40.008,3.914,165.707018,-9.28,-5.60,0.04,0.02,-9.2,-5.55,124.62,12.46
81,Entry long,2025-07-31 22:00,L_2,42.337,3.914,165.707018,-9.28,-5.60,0.04,0.02,-9.2,-5.55,124.62,12.46
82,Exit long,2025-08-01 09:15,Long Cond SL,40.008,4.582,188.902114,-5.77,-3.05,1.83,0.97,-5.68,-3.01,118.95,11.89
82,Entry long,2025-07-31 23:45,L_3,41.227,4.582,188.902114,-5.77,-3.05,1.83,0.97,-5.68,-3.01,118.95,11.89
83,Exit long,2025-08-02 18:45,Long Cond SL,37.197,3.66,145.26174,-9.26,-6.37,2.6,1.79,-12.31,-8.47,109.51,10.95
83,Entry long,2025-08-01 09:45,buy,39.689,3.66,145.26174,-9.26,-6.37,2.6,1.79,-12.31,-8.47,109.51,10.95
84,Exit long,2025-08-02 18:45,Long Cond SL,37.197,4.244,165.711224,-8.01,-4.83,2.82,1.70,-11.55,-6.96,101.58,10.16
84,Entry long,2025-08-01 16:45,L_2,39.046,4.244,165.711224,-8.01,-4.83,2.82,1.70,-11.55,-6.96,101.58,10.16
85,Exit long,2025-08-02 18:45,Long Cond SL,37.197,4.968,188.893296,-4.29,-2.27,3.37,1.78,-8.43,-4.46,97.39,9.74
85,Entry long,2025-08-01 21:00,L_3,38.022,4.968,188.893296,-4.29,-2.27,3.37,1.78,-8.43,-4.46,97.39,9.74
86,Exit long,2025-08-03 01:00,Long Trail,37.411,3.906,145.252422,0.73,0.50,1.61,1.11,-6.6,-4.54,97.94,9.79
86,Entry long,2025-08-02 20:00,buy,37.187,3.906,145.252422,0.73,0.50,1.61,1.11,-6.6,-4.54,97.94,9.79
87,Exit long,2025-08-03 01:00,Long Trail,37.411,1.396,51.07266,1.1,2.16,1.21,2.36,-1.52,-2.97,99.07,9.91
87,Entry long,2025-08-02 20:45,L_2,36.585,1.396,51.07266,1.1,2.16,1.21,2.36,-1.52,-2.97,99.07,9.91
88,Exit long,2025-08-03 01:00,Long Trail,37.411,3.133,114.620805,2.47,2.16,2.71,2.36,-3.41,-2.97,101.6,10.16
88,Entry long,2025-08-02 20:45,L_2,36.585,3.133,114.620805,2.47,2.16,2.71,2.36,-3.41,-2.97,101.6,10.16
89,Exit long,2025-08-03 01:00,Long Trail,37.411,0.773,27.538125,1.35,4.91,1.41,5.12,-0.1,-0.36,102.96,10.30
89,Entry long,2025-08-02 21:45,L_3,35.625,0.773,27.538125,1.35,4.91,1.41,5.12,-0.1,-0.36,102.96,10.30
90,Exit long,2025-08-03 01:00,Long Trail,37.411,4.529,161.345625,7.92,4.91,8.27,5.12,-0.57,-0.36,110.97,11.10
90,Entry long,2025-08-02 21:45,L_3,35.625,4.529,161.345625,7.92,4.91,8.27,5.12,-0.57,-0.36,110.97,11.10
91,Exit long,2025-08-03 09:45,Long Cond TP,38.143,3.938,145.249192,4.81,3.31,4.96,3.41,-1.9,-1.31,115.78,11.58
91,Entry long,2025-08-03 03:15,buy,36.884,3.938,145.249192,4.81,3.31,4.96,3.41,-1.9,-1.31,115.78,11.58
92,Exit long,2025-08-04 16:45,Long Cond TP,38.541,3.77,145.25056,-0.1,-0.07,1.88,1.29,-4.87,-3.35,115.52,11.55
92,Entry long,2025-08-03 15:00,buy,38.528,3.77,145.25056,-0.1,-0.07,1.88,1.29,-4.87,-3.35,115.52,11.55
93,Exit long,2025-08-04 16:45,Long Cond TP,38.541,4.371,165.464205,2.83,1.71,5.12,3.09,-2.71,-1.63,118.43,11.84
93,Entry long,2025-08-03 15:00,L_2,37.855,4.371,165.464205,2.83,1.71,5.12,3.09,-2.71,-1.63,118.43,11.84
94,Exit long,2025-08-04 16:45,Long Cond TP,38.541,4.371,165.678384,2.62,1.58,4.9,2.96,-2.92,-1.76,121.13,12.11
94,Entry long,2025-08-03 16:30,L_2,37.904,4.371,165.678384,2.62,1.58,4.9,2.96,-2.92,-1.76,121.13,12.11
95,Exit long,2025-08-04 20:15,Long Trail,39.395,3.789,145.27026,3.85,2.65,4.15,2.86,-0.12,-0.08,124.98,12.50
95,Entry long,2025-08-04 19:00,buy,38.34,3.789,145.27026,3.85,2.65,4.15,2.86,-0.12,-0.08,124.98,12.50
96,Exit long,2025-08-05 09:00,Long Trail,39.172,3.79,145.25554,3.06,2.11,3.36,2.31,-3.1,-2.14,127.96,12.80
96,Entry long,2025-08-04 21:15,buy,38.326,3.79,145.25554,3.06,2.11,3.36,2.31,-3.1,-2.14,127.96,12.80
97,Exit long,2025-08-05 09:00,Long Trail,39.172,4.394,165.680164,6.27,3.78,6.62,3.99,-0.87,-0.53,134.31,13.43
97,Entry long,2025-08-04 22:30,L_2,37.706,4.394,165.680164,6.27,3.78,6.62,3.99,-0.87,-0.53,134.31,13.43
98,Exit long,2025-08-05 13:00,Long Trail,39.468,3.784,145.260192,3.94,2.71,4.24,2.92,-1.54,-1.06,138.25,13.83
98,Entry long,2025-08-05 10:45,buy,38.388,3.784,145.260192,3.94,2.71,4.24,2.92,-1.54,-1.06,138.25,13.83
99,Exit long,2025-08-06 21:00,Long Cond TP,39.224,3.738,145.266156,1.21,0.83,1.6,1.10,-7.54,-5.19,139.28,13.93
99,Entry long,2025-08-05 17:30,buy,38.862,3.738,145.266156,1.21,0.83,1.6,1.10,-7.54,-5.19,139.28,13.93
100,Exit long,2025-08-06 21:00,Long Cond TP,39.224,4.334,165.701822,4.13,2.49,4.23,2.55,-6.02,-3.63,143.49,14.35
100,Entry long,2025-08-05 18:45,L_2,38.233,4.334,165.701822,4.13,2.49,4.23,2.55,-6.02,-3.63,143.49,14.35
101,Exit long,2025-08-06 21:00,Long Cond TP,39.224,5.074,188.90502,9.92,5.25,10.04,5.31,-1.96,-1.04,153.51,15.35
101,Entry long,2025-08-06 04:45,L_3,37.23,5.074,188.90502,9.92,5.25,10.04,5.31,-1.96,-1.04,153.51,15.35
102,Exit long,2025-08-07 13:30,Long Cond TP,39.015,3.776,145.258944,1.92,1.32,2.16,1.49,-3.49,-2.40,155.34,15.53
102,Entry long,2025-08-06 21:45,buy,38.469,3.776,145.258944,1.92,1.32,2.16,1.49,-3.49,-2.40,155.34,15.53
103,Exit long,2025-08-07 13:30,Long Cond TP,39.015,4.378,165.689788,4.95,2.99,5.23,3.16,-1.32,-0.80,160.38,16.04
103,Entry long,2025-08-07 05:45,L_2,37.846,4.378,165.689788,4.95,2.99,5.23,3.16,-1.32,-0.80,160.38,16.04
104,Exit long,2025-08-07 23:15,Long Cond TP,39.968,3.731,145.24783,3.73,2.56,3.82,2.63,-1.22,-0.84,164.1,16.41
104,Entry long,2025-08-07 19:45,buy,38.93,3.731,145.24783,3.73,2.56,3.82,2.63,-1.22,-0.84,164.1,16.41
105,Exit long,2025-08-08 17:00,Long Trail,41.711,3.583,145.258403,4.04,2.78,4.35,2.99,-1.68,-1.16,168.15,16.81
105,Entry long,2025-08-08 05:15,buy,40.541,3.583,145.258403,4.04,2.78,4.35,2.99,-1.68,-1.16,168.15,16.81
106,Exit long,2025-08-09 08:15,Long Cond TP,41.888,3.543,145.270086,2.99,2.06,3.09,2.12,-2.75,-1.90,171.06,17.11
106,Entry long,2025-08-08 17:30,buy,41.002,3.543,145.270086,2.99,2.06,3.09,2.12,-2.75,-1.90,171.06,17.11
107,Exit long,2025-08-09 08:15,Long Cond TP,41.888,4.108,165.708504,6.2,3.74,6.31,3.81,-0.46,-0.28,177.34,17.73
107,Entry long,2025-08-08 19:15,L_2,40.338,4.108,165.708504,6.2,3.74,6.31,3.81,-0.46,-0.28,177.34,17.73
108,Exit long,2025-08-10 00:00,Long Trail,44.676,3.35,145.25935,4.26,2.93,4.56,3.14,-0.44,-0.30,181.59,18.16
108,Entry long,2025-08-09 15:15,buy,43.361,3.35,145.25935,4.26,2.93,4.56,3.14,-0.44,-0.30,181.59,18.16
109,Exit long,2025-08-10 18:00,Long Cond TP,44.69,3.324,145.265448,3.14,2.16,3.41,2.34,-3.06,-2.11,184.65,18.46
109,Entry long,2025-08-10 02:15,buy,43.702,3.324,145.265448,3.14,2.16,3.41,2.34,-3.06,-2.11,184.65,18.46
110,Exit long,2025-08-10 18:00,Long Cond TP,44.69,3.854,165.698876,6.37,3.84,6.68,4.03,-0.82,-0.49,191.1,19.11
110,Entry long,2025-08-10 11:00,L_2,42.994,3.854,165.698876,6.37,3.84,6.68,4.03,-0.82,-0.49,191.1,19.11
111,Exit long,2025-08-11 05:00,Long Trail,46.18,3.232,145.259008,3.85,2.65,4.15,2.85,-1.51,-1.04,194.95,19.49
111,Entry long,2025-08-11 00:00,buy,44.944,3.232,145.259008,3.85,2.65,4.15,2.85,-1.51,-1.04,194.95,19.49
112,Exit long,2025-08-12 00:30,Long Cond SL,43.353,3.155,145.24358,-8.61,-5.92,0.73,0.50,-8.61,-5.93,186.16,18.62
112,Entry long,2025-08-11 11:00,buy,46.036,3.155,145.24358,-8.61,-5.92,0.73,0.50,-8.61,-5.93,186.16,18.62
113,Exit long,2025-08-12 00:30,Long Cond SL,43.353,3.658,165.67082,-7.25,-4.37,0,0.00,-7.26,-4.38,179,17.90
113,Entry long,2025-08-11 14:15,L_2,45.29,3.658,165.67082,-7.25,-4.37,0,0.00,-7.26,-4.38,179,17.90
114,Exit long,2025-08-12 00:30,Long Cond SL,43.353,4.283,188.888866,-3.4,-1.80,4.4,2.33,-3.41,-1.80,175.7,17.57
114,Entry long,2025-08-11 16:15,L_3,44.102,4.283,188.888866,-3.4,-1.80,4.4,2.33,-3.41,-1.80,175.7,17.57
115,Exit long,2025-08-12 15:30,Long Cond TP,44.447,3.361,145.238893,4,2.75,4.29,2.95,-3.93,-2.71,179.62,17.96
115,Entry long,2025-08-12 01:00,buy,43.213,3.361,145.238893,4,2.75,4.29,2.95,-3.93,-2.71,179.62,17.96
116,Exit long,2025-08-12 15:30,Long Cond TP,44.447,3.898,165.715674,7.37,4.44,7.7,4.65,-1.83,-1.10,187.07,18.71
116,Entry long,2025-08-12 13:00,L_2,42.513,3.898,165.715674,7.37,4.44,7.7,4.65,-1.83,-1.10,187.07,18.71
117,Exit long,2025-08-13 00:00,Long Cond TP,45.373,3.305,145.264665,4.55,3.13,4.72,3.25,-1.16,-0.80,191.61,19.16
117,Entry long,2025-08-12 21:45,buy,43.953,3.305,145.264665,4.55,3.13,4.72,3.25,-1.16,-0.80,191.61,19.16
118,Exit long,2025-08-13 12:15,Long Trail,45.289,3.228,145.263228,0.78,0.54,1.23,0.85,-6.51,-4.48,192.22,19.22
118,Entry long,2025-08-13 02:00,buy,45.001,3.228,145.263228,0.78,0.54,1.23,0.85,-6.51,-4.48,192.22,19.22
119,Exit long,2025-08-13 12:15,Long Trail,45.289,1.154,51.089888,1.12,2.19,1.23,2.40,-1.49,-2.91,193.37,19.34
119,Entry long,2025-08-13 04:00,L_2,44.272,1.154,51.089888,1.12,2.19,1.23,2.40,-1.49,-2.91,193.37,19.34
120,Exit long,2025-08-13 12:15,Long Trail,45.289,2.589,114.620208,2.52,2.19,2.75,2.40,-3.33,-2.91,195.94,19.59
120,Entry long,2025-08-13 04:00,L_2,44.272,2.589,114.620208,2.52,2.19,2.75,2.40,-3.33,-2.91,195.94,19.59
121,Exit long,2025-08-13 12:15,Long Trail,45.289,0.639,27.547929,1.36,4.95,1.42,5.16,-0.08,-0.29,197.32,19.73
121,Entry long,2025-08-13 09:00,L_3,43.111,0.639,27.547929,1.36,4.95,1.42,5.16,-0.08,-0.29,197.32,19.73
122,Exit long,2025-08-13 12:15,Long Trail,45.289,3.743,161.364473,7.99,4.95,8.33,5.16,-0.47,-0.29,205.39,20.54
122,Entry long,2025-08-13 09:00,L_3,43.111,3.743,161.364473,7.99,4.95,8.33,5.16,-0.47,-0.29,205.39,20.54
123,Exit long,2025-08-13 20:00,Long Cond TP,47.424,3.182,145.271028,5.48,3.77,5.71,3.93,-2.23,-1.54,210.87,21.09
123,Entry long,2025-08-13 18:00,buy,45.654,3.182,145.271028,5.48,3.77,5.71,3.93,-2.23,-1.54,210.87,21.09
124,Exit long,2025-08-14 02:30,Long Trail,47.812,3.13,145.24452,4.26,2.93,4.56,3.14,-0.36,-0.25,215.13,21.51
124,Entry long,2025-08-14 00:45,buy,46.404,3.13,145.24452,4.26,2.93,4.56,3.14,-0.36,-0.25,215.13,21.51
125,Exit long,2025-08-14 06:45,Long Trail,48.7,3.074,145.240352,4.32,2.97,4.62,3.18,-0.2,-0.13,219.45,21.94
125,Entry long,2025-08-14 05:30,buy,47.248,3.074,145.240352,4.32,2.97,4.62,3.18,-0.2,-0.13,219.45,21.94
126,Exit long,2025-08-15 05:45,Long Trail,48.661,3.043,145.245433,2.68,1.85,2.98,2.05,-12.38,-8.52,221.95,22.20
126,Entry long,2025-08-14 08:15,buy,47.731,3.043,145.245433,2.68,1.85,2.98,2.05,-12.38,-8.52,221.95,22.20
127,Exit long,2025-08-15 05:45,Long Trail,48.661,1.088,51.090304,1.8,3.52,1.91,3.73,-3.58,-7.01,223.78,22.38
127,Entry long,2025-08-14 09:15,L_2,46.958,1.088,51.090304,1.8,3.52,1.91,3.73,-3.58,-7.01,223.78,22.38
128,Exit long,2025-08-15 05:45,Long Trail,48.661,2.441,114.624478,4.04,3.52,4.28,3.73,-8.04,-7.01,227.88,22.79
128,Entry long,2025-08-14 09:15,L_2,46.958,2.441,114.624478,4.04,3.52,4.28,3.73,-8.04,-7.01,227.88,22.79
129,Exit long,2025-08-15 05:45,Long Trail,48.661,0.602,27.527052,1.74,6.31,1.8,6.53,-1.24,-4.50,229.63,22.96
129,Entry long,2025-08-14 15:30,L_3,45.726,0.602,27.527052,1.74,6.31,1.8,6.53,-1.24,-4.50,229.63,22.96
130,Exit long,2025-08-15 05:45,Long Trail,48.661,3.529,161.367054,10.19,6.31,10.53,6.53,-7.27,-4.50,239.9,23.99
130,Entry long,2025-08-14 15:30,L_3,45.726,3.529,161.367054,10.19,6.31,10.53,6.53,-7.27,-4.50,239.9,23.99
131,Exit long,2025-08-17 03:45,Long Cond SL,45.921,3.003,145.261116,-7.5,-5.16,2.23,1.53,-8.43,-5.80,232.22,23.22
131,Entry long,2025-08-15 08:30,buy,48.372,3.003,145.261116,-7.5,-5.16,2.23,1.53,-8.43,-5.80,232.22,23.22
132,Exit long,2025-08-17 03:45,Long Cond SL,45.921,3.482,165.704898,-5.97,-3.60,3.26,1.97,-7.04,-4.25,226.33,22.63
132,Entry long,2025-08-15 16:45,L_2,47.589,3.482,165.704898,-5.97,-3.60,3.26,1.97,-7.04,-4.25,226.33,22.63
133,Exit long,2025-08-17 03:45,Long Cond SL,45.921,4.076,188.885916,-1.9,-1.01,8.91,4.71,-3.16,-1.67,224.53,22.45
133,Entry long,2025-08-15 17:45,L_3,46.341,4.076,188.885916,-1.9,-1.01,8.91,4.71,-3.16,-1.67,224.53,22.45
134,Exit long,2025-08-17 07:45,Long Cond TP,47.079,3.165,145.26084,3.6,2.48,3.8,2.61,-0.43,-0.30,228.12,22.81
134,Entry long,2025-08-17 04:15,buy,45.896,3.165,145.26084,3.6,2.48,3.8,2.61,-0.43,-0.30,228.12,22.81
135,Exit long,2025-08-18 04:15,Long Cond SL,45.335,3.086,145.254934,-5.49,-3.78,0.37,0.25,-5.51,-3.79,222.55,22.25
135,Entry long,2025-08-17 16:00,buy,47.069,3.086,145.254934,-5.49,-3.78,0.37,0.25,-5.51,-3.79,222.55,22.25
136,Exit long,2025-08-18 04:15,Long Cond SL,45.335,3.578,165.686446,-3.64,-2.20,1.77,1.07,-3.66,-2.21,218.99,21.90
136,Entry long,2025-08-17 22:30,L_2,46.307,3.578,165.686446,-3.64,-2.20,1.77,1.07,-3.66,-2.21,218.99,21.90
137,Exit long,2025-08-18 20:30,Long Trail,44.663,3.316,145.25738,2.7,1.86,2.99,2.06,-2.99,-2.06,221.6,22.16
137,Entry long,2025-08-18 09:00,buy,43.805,3.316,145.25738,2.7,1.86,2.99,2.06,-2.99,-2.06,221.6,22.16
138,Exit long,2025-08-18 20:30,Long Trail,44.663,3.845,165.70412,5.86,3.53,6.2,3.74,-0.74,-0.45,227.54,22.75
138,Entry long,2025-08-18 09:15,L_2,43.096,3.845,165.70412,5.86,3.53,6.2,3.74,-0.74,-0.45,227.54,22.75
139,Exit long,2025-08-19 16:15,Long Trail,44.08,3.327,145.270128,1.24,0.85,1.99,1.37,-7.06,-4.86,228.6,22.86
139,Entry long,2025-08-18 22:15,buy,43.664,3.327,145.270128,1.24,0.85,1.99,1.37,-7.06,-4.86,228.6,22.86
140,Exit long,2025-08-19 16:15,Long Trail,44.08,1.189,51.075873,1.28,2.51,1.39,2.72,-1.68,-3.29,229.91,22.99
140,Entry long,2025-08-19 03:15,L_2,42.957,1.189,51.075873,1.28,2.51,1.39,2.72,-1.68,-3.29,229.91,22.99
141,Exit long,2025-08-19 16:15,Long Trail,44.08,2.668,114.609276,2.88,2.51,3.11,2.72,-3.77,-3.29,232.85,23.29
141,Entry long,2025-08-19 03:15,L_2,42.957,2.668,114.609276,2.88,2.51,3.11,2.72,-3.77,-3.29,232.85,23.29
142,Exit long,2025-08-19 16:15,Long Trail,44.08,0.659,27.56597,1.45,5.27,1.51,5.48,-0.19,-0.69,234.32,23.43
142,Entry long,2025-08-19 06:45,L_3,41.83,0.659,27.56597,1.45,5.27,1.51,5.48,-0.19,-0.69,234.32,23.43
143,Exit long,2025-08-19 16:15,Long Trail,44.08,3.857,161.33831,8.51,5.27,8.85,5.48,-1.11,-0.69,242.91,24.29
143,Entry long,2025-08-19 06:45,L_3,41.83,3.857,161.33831,8.51,5.27,8.85,5.48,-1.11,-0.69,242.91,24.29
144,Exit long,2025-08-19 22:15,Long Trail,43.735,3.408,145.269408,3.63,2.50,3.93,2.71,-3.23,-2.22,246.46,24.65
144,Entry long,2025-08-19 17:30,buy,42.626,3.408,145.269408,3.63,2.50,3.93,2.71,-3.23,-2.22,246.46,24.65
145,Exit long,2025-08-19 22:15,Long Trail,43.735,3.951,165.685185,6.94,4.19,7.29,4.40,-1.01,-0.61,253.49,25.35
145,Entry long,2025-08-19 19:45,L_2,41.935,3.951,165.685185,6.94,4.19,7.29,4.40,-1.01,-0.61,253.49,25.35
146,Exit long,2025-08-20 18:15,Long Trail,42.785,3.418,145.271836,0.82,0.57,1.12,0.77,-6.7,-4.61,254.13,25.41
146,Entry long,2025-08-20 01:00,buy,42.502,3.418,145.271836,0.82,0.57,1.12,0.77,-6.7,-4.61,254.13,25.41
147,Exit long,2025-08-20 18:15,Long Trail,42.785,1.221,51.053673,1.14,2.22,1.24,2.43,-1.55,-3.04,255.29,25.53
147,Entry long,2025-08-20 02:00,L_2,41.813,1.221,51.053673,1.14,2.22,1.24,2.43,-1.55,-3.04,255.29,25.53
148,Exit long,2025-08-20 18:15,Long Trail,42.785,2.742,114.651246,2.55,2.22,2.79,2.43,-3.49,-3.04,257.9,25.79
148,Entry long,2025-08-20 02:00,L_2,41.813,2.742,114.651246,2.55,2.22,2.79,2.43,-3.49,-3.04,257.9,25.79
149,Exit long,2025-08-20 18:15,Long Trail,42.785,0.676,27.524692,1.37,4.97,1.43,5.19,-0.12,-0.43,259.28,25.93
149,Entry long,2025-08-20 17:00,L_3,40.717,0.676,27.524692,1.37,4.97,1.43,5.19,-0.12,-0.43,259.28,25.93
150,Exit long,2025-08-20 18:15,Long Trail,42.785,3.963,161.361471,8.03,4.97,8.37,5.19,-0.69,-0.43,267.39,26.74
150,Entry long,2025-08-20 17:00,L_3,40.717,3.963,161.361471,8.03,4.97,8.37,5.19,-0.69,-0.43,267.39,26.74
151,Exit long,2025-08-22 17:00,Long Cond TP,43.771,3.398,145.257704,3.33,2.29,3.61,2.48,-8.12,-5.59,270.54,27.05
151,Entry long,2025-08-21 04:15,buy,42.748,3.398,145.257704,3.33,2.29,3.61,2.48,-8.12,-5.59,270.54,27.05
152,Exit long,2025-08-22 17:00,Long Cond TP,43.771,3.94,165.6967,6.59,3.98,6.92,4.17,-6.68,-4.03,277.22,27.72
152,Entry long,2025-08-21 08:00,L_2,42.055,3.94,165.6967,6.59,3.98,6.92,4.17,-6.68,-4.03,277.22,27.72
153,Exit long,2025-08-22 17:00,Long Cond TP,43.771,4.613,188.911576,12.81,6.78,13.19,6.98,-2.73,-1.45,290.12,29.01
153,Entry long,2025-08-21 14:45,L_3,40.952,4.613,188.911576,12.81,6.78,13.19,6.98,-2.73,-1.45,290.12,29.01
154,Exit long,2025-08-24 02:45,Long Cond TP,44.903,3.281,145.272837,1.91,1.31,3.98,2.74,-3.41,-2.35,291.95,29.19
154,Entry long,2025-08-22 22:45,buy,44.277,3.281,145.272837,1.91,1.31,3.98,2.74,-3.41,-2.35,291.95,29.19
155,Exit long,2025-08-24 02:45,Long Cond TP,44.903,3.804,165.70224,4.94,2.98,5.19,3.13,-1.23,-0.74,296.97,29.70
155,Entry long,2025-08-23 06:45,L_2,43.56,3.804,165.70224,4.94,2.98,5.19,3.13,-1.23,-0.74,296.97,29.70
156,Exit long,2025-08-24 20:30,Long Cond TP,45.211,3.264,145.257792,2.16,1.49,2.35,1.61,-3.67,-2.53,299.05,29.91
156,Entry long,2025-08-24 05:15,buy,44.503,3.264,145.257792,2.16,1.49,2.35,1.61,-3.67,-2.53,299.05,29.91
157,Exit long,2025-08-24 20:30,Long Cond TP,45.211,3.785,165.71487,5.24,3.16,5.45,3.29,-1.53,-0.92,304.38,30.44
157,Entry long,2025-08-24 09:15,L_2,43.782,3.785,165.71487,5.24,3.16,5.45,3.29,-1.53,-0.92,304.38,30.44
158,Exit long,2025-08-25 02:00,Long Trail,46.49,3.218,145.241212,4.22,2.90,4.52,3.11,-0.43,-0.30,308.59,30.86
158,Entry long,2025-08-24 23:15,buy,45.134,3.218,145.241212,4.22,2.90,4.52,3.11,-0.43,-0.30,308.59,30.86
159,Exit long,2025-08-25 05:15,Long Trail,46.641,3.209,145.248967,4.27,2.94,4.57,3.15,-0.2,-0.14,312.87,31.29
159,Entry long,2025-08-25 03:45,buy,45.263,3.209,145.248967,4.27,2.94,4.57,3.15,-0.2,-0.14,312.87,31.29
160,Exit long,2025-08-25 17:15,Long Trail,46.666,3.146,145.26655,1.4,0.96,1.69,1.16,-7.31,-5.03,314.09,31.41
160,Entry long,2025-08-25 07:15,buy,46.175,3.146,145.26655,1.4,0.96,1.69,1.16,-7.31,-5.03,314.09,31.41
161,Exit long,2025-08-25 17:15,Long Trail,46.666,1.124,51.059948,1.34,2.62,1.45,2.83,-1.77,-3.47,315.45,31.55
161,Entry long,2025-08-25 09:15,L_2,45.427,1.124,51.059948,1.34,2.62,1.45,2.83,-1.77,-3.47,315.45,31.55
162,Exit long,2025-08-25 17:15,Long Trail,46.666,2.523,114.612321,3.01,2.62,3.25,2.83,-3.98,-3.47,318.52,31.85
162,Entry long,2025-08-25 09:15,L_2,45.427,2.523,114.612321,3.01,2.62,3.25,2.83,-3.98,-3.47,318.52,31.85
163,Exit long,2025-08-25 17:15,Long Trail,46.666,0.623,27.558405,1.49,5.39,1.54,5.60,-0.24,-0.87,320.02,32.00
163,Entry long,2025-08-25 10:45,L_3,44.235,0.623,27.558405,1.49,5.39,1.54,5.60,-0.24,-0.87,320.02,32.00
164,Exit long,2025-08-25 17:15,Long Trail,46.666,3.647,161.325045,8.7,5.39,9.04,5.60,-1.4,-0.87,328.8,32.88
164,Entry long,2025-08-25 10:45,L_3,44.235,3.647,161.325045,8.7,5.39,9.04,5.60,-1.4,-0.87,328.8,32.88
165,Exit long,2025-08-26 15:30,Long Trail,46.238,3.173,145.240902,1.33,0.91,1.62,1.12,-10.94,-7.53,329.95,33.00
165,Entry long,2025-08-25 20:15,buy,45.774,3.173,145.240902,1.33,0.91,1.62,1.12,-10.94,-7.53,329.95,33.00
166,Exit long,2025-08-26 15:30,Long Trail,46.238,1.135,51.11132,1.32,2.58,1.42,2.78,-3.07,-6.00,331.29,33.13
166,Entry long,2025-08-25 22:00,L_2,45.032,1.135,51.11132,1.32,2.58,1.42,2.78,-3.07,-6.00,331.29,33.13
167,Exit long,2025-08-26 15:30,Long Trail,46.238,2.544,114.561408,2.95,2.58,3.19,2.78,-6.88,-6.00,334.3,33.43
167,Entry long,2025-08-25 22:00,L_2,45.032,2.544,114.561408,2.95,2.58,3.19,2.78,-6.88,-6.00,334.3,33.43
168,Exit long,2025-08-26 15:30,Long Trail,46.238,0.629,27.582279,1.47,5.34,1.53,5.55,-0.96,-3.47,335.79,33.58
168,Entry long,2025-08-25 22:45,L_3,43.851,0.629,27.582279,1.47,5.34,1.53,5.55,-0.96,-3.47,335.79,33.58
169,Exit long,2025-08-26 15:30,Long Trail,46.238,3.679,161.327829,8.62,5.34,8.96,5.55,-5.61,-3.47,344.49,34.45
169,Entry long,2025-08-25 22:45,L_3,43.851,3.679,161.327829,8.62,5.34,8.96,5.55,-5.61,-3.47,344.49,34.45
170,Exit long,2025-08-27 05:45,Long Trail,50.183,2.998,145.262094,5.04,3.47,5.34,3.67,-1.01,-0.69,349.53,34.95
170,Entry long,2025-08-27 04:00,buy,48.453,2.998,145.262094,5.04,3.47,5.34,3.67,-1.01,-0.69,349.53,34.95
171,Exit long,2025-08-28 19:45,Long Cond SL,47.187,2.892,145.270944,-8.95,-6.16,1.42,0.98,-10.23,-7.04,340.4,34.04
171,Entry long,2025-08-27 09:30,buy,50.232,2.892,145.270944,-8.95,-6.16,1.42,0.98,-10.23,-7.04,340.4,34.04
172,Exit long,2025-08-28 19:45,Long Cond SL,47.187,3.353,165.701907,-7.65,-4.61,4.37,2.64,-9.13,-5.51,332.84,33.28
172,Entry long,2025-08-27 11:30,L_2,49.419,3.353,165.701907,-7.65,-4.61,4.37,2.64,-9.13,-5.51,332.84,33.28
173,Exit long,2025-08-28 19:45,Long Cond SL,47.187,3.925,188.882775,-3.86,-2.04,3.59,1.90,-5.6,-2.96,329.07,32.91
173,Entry long,2025-08-28 00:30,L_3,48.123,3.925,188.882775,-3.86,-2.04,3.59,1.90,-5.6,-2.96,329.07,32.91
174,Exit long,2025-08-30 12:30,Long Cond SL,43.389,3.147,145.268667,-8.86,-6.10,3.68,2.53,-9.07,-6.24,320.03,32.00
174,Entry long,2025-08-28 20:15,buy,46.161,3.147,145.268667,-8.86,-6.10,3.68,2.53,-9.07,-6.24,320.03,32.00
175,Exit long,2025-08-30 12:30,Long Cond SL,43.389,3.649,165.712037,-7.55,-4.55,2.59,1.56,-7.78,-4.69,312.57,31.26
175,Entry long,2025-08-29 03:15,L_2,45.413,3.649,165.712037,-7.55,-4.55,2.59,1.56,-7.78,-4.69,312.57,31.26
176,Exit long,2025-08-30 12:30,Long Cond SL,43.389,4.271,188.872162,-3.74,-1.98,5.12,2.71,-4.02,-2.13,308.91,30.89
176,Entry long,2025-08-29 11:30,L_3,44.222,4.271,188.872162,-3.74,-1.98,5.12,2.71,-4.02,-2.13,308.91,30.89
177,Exit long,2025-08-31 03:15,Long Cond TP,44.338,3.345,145.25328,2.91,2.00,3.09,2.12,-0.63,-0.43,311.83,31.18
177,Entry long,2025-08-30 14:00,buy,43.424,3.345,145.25328,2.91,2.00,3.09,2.12,-0.63,-0.43,311.83,31.18
178,Exit long,2025-09-01 11:30,Long Cond TP,45.359,3.252,145.244076,2.12,1.46,2.32,1.60,-2.84,-1.95,313.86,31.39
178,Entry long,2025-08-31 10:30,buy,44.663,3.252,145.244076,2.12,1.46,2.32,1.60,-2.84,-1.95,313.86,31.39
179,Exit long,2025-09-01 11:30,Long Cond TP,45.359,3.771,165.693969,5.19,3.13,5.43,3.27,-0.56,-0.34,319.13,31.91
179,Entry long,2025-09-01 03:15,L_2,43.939,3.771,165.693969,5.19,3.13,5.43,3.27,-0.56,-0.34,319.13,31.91
180,Exit long,2025-09-02 11:30,Long Cond TP,44.992,3.248,145.240816,0.75,0.51,0.97,0.67,-7.44,-5.12,319.7,31.97
180,Entry long,2025-09-01 13:30,buy,44.717,3.248,145.240816,0.75,0.51,0.97,0.67,-7.44,-5.12,319.7,31.97
181,Exit long,2025-09-02 11:30,Long Cond TP,44.992,3.766,165.673872,3.6,2.17,3.86,2.33,-5.89,-3.56,323.38,32.34
181,Entry long,2025-09-01 19:15,L_2,43.992,3.766,165.673872,3.6,2.17,3.86,2.33,-5.89,-3.56,323.38,32.34
182,Exit long,2025-09-02 11:30,Long Cond TP,44.992,4.409,188.877151,9.3,4.92,9.6,5.08,-1.81,-0.96,332.77,33.28
182,Entry long,2025-09-02 00:30,L_3,42.839,4.409,188.877151,9.3,4.92,9.6,5.08,-1.81,-0.96,332.77,33.28
183,Exit long,2025-09-03 12:30,Long Cond TP,45.205,3.266,145.245552,2.25,1.55,2.59,1.78,-3.76,-2.59,334.94,33.49
183,Entry long,2025-09-02 13:30,buy,44.472,3.266,145.245552,2.25,1.55,2.59,1.78,-3.76,-2.59,334.94,33.49
184,Exit long,2025-09-03 12:30,Long Cond TP,45.205,3.787,165.685037,5.34,3.22,5.73,3.46,-1.62,-0.98,340.36,34.04
184,Entry long,2025-09-02 15:45,L_2,43.751,3.787,165.685037,5.34,3.22,5.73,3.46,-1.62,-0.98,340.36,34.04
185,Exit long,2025-09-04 14:45,Long Cond TP,45.859,3.2,145.2736,1.33,0.91,3.39,2.33,-0.7,-0.48,341.69,34.17
185,Entry long,2025-09-03 15:45,buy,45.398,3.2,145.2736,1.33,0.91,3.39,2.33,-0.7,-0.48,341.69,34.17
186,Exit long,2025-09-05 10:45,Long Cond TP,46.24,3.176,145.232128,1.48,1.02,1.75,1.21,-4.37,-3.01,343.09,34.31
186,Entry long,2025-09-04 16:30,buy,45.728,3.176,145.232128,1.48,1.02,1.75,1.21,-4.37,-3.01,343.09,34.31
187,Exit long,2025-09-05 10:45,Long Cond TP,46.24,3.683,165.687121,4.45,2.68,4.76,2.87,-2.33,-1.41,347.62,34.76
187,Entry long,2025-09-04 18:00,L_2,44.987,3.683,165.687121,4.45,2.68,4.76,2.87,-2.33,-1.41,347.62,34.76
188,Exit long,2025-09-06 03:30,Long Cond TP,47.788,3.132,145.265292,4.26,2.93,4.34,2.98,-1.29,-0.89,351.87,35.19
188,Entry long,2025-09-05 17:45,buy,46.381,3.132,145.265292,4.26,2.93,4.34,2.98,-1.29,-0.89,351.87,35.19
189,Exit long,2025-09-06 20:30,Long Cond SL,45.762,3.072,145.262592,-4.82,-3.32,1.81,1.25,-4.76,-3.28,346.97,34.70
189,Entry long,2025-09-06 05:30,buy,47.286,3.072,145.262592,-4.82,-3.32,1.81,1.25,-4.76,-3.28,346.97,34.70
190,Exit long,2025-09-06 20:30,Long Cond SL,45.762,3.562,165.70424,-2.86,-1.73,1.7,1.02,-2.79,-1.68,344.19,34.42
190,Entry long,2025-09-06 12:00,L_2,46.52,3.562,165.70424,-2.86,-1.73,1.7,1.02,-2.79,-1.68,344.19,34.42
191,Exit long,2025-09-07 04:15,Long Cond TP,46.631,3.167,145.248121,2.29,1.57,2.46,1.69,-1.54,-1.06,346.47,34.65
191,Entry long,2025-09-06 21:00,buy,45.863,3.167,145.248121,2.29,1.57,2.46,1.69,-1.54,-1.06,346.47,34.65
192,Exit long,2025-09-07 17:30,Long Cond TP,47.426,3.109,145.243153,2.06,1.42,2.19,1.51,-0.89,-0.61,348.53,34.85
192,Entry long,2025-09-07 09:00,buy,46.717,3.109,145.243153,2.06,1.42,2.19,1.51,-0.89,-0.61,348.53,34.85
193,Exit long,2025-09-08 05:30,Long Cond TP,48.099,3.085,145.27265,2.97,2.04,3.06,2.10,-1.21,-0.84,351.49,35.15
193,Entry long,2025-09-07 20:00,buy,47.09,3.085,145.27265,2.97,2.04,3.06,2.10,-1.21,-0.84,351.49,35.15
194,Exit long,2025-09-08 16:30,Long Trail,51.85,2.88,145.26432,3.92,2.69,4.22,2.90,-0.19,-0.13,355.41,35.54
194,Entry long,2025-09-08 14:45,buy,50.439,2.88,145.26432,3.92,2.69,4.22,2.90,-0.19,-0.13,355.41,35.54
195,Exit long,2025-09-09 07:15,Long Trail,52.632,2.852,145.229544,4.73,3.25,5.03,3.46,-3.16,-2.18,360.06,36.01
195,Entry long,2025-09-08 20:00,buy,50.922,2.852,145.229544,4.73,3.25,5.03,3.46,-3.16,-2.18,360.06,36.01
196,Exit long,2025-09-09 07:15,Long Trail,52.632,3.307,165.670779,8.21,4.96,8.56,5.16,-0.94,-0.56,368.35,36.84
196,Entry long,2025-09-08 23:15,L_2,50.097,3.307,165.670779,8.21,4.96,8.56,5.16,-0.94,-0.56,368.35,36.84
197,Exit long,2025-09-10 10:00,Long Trail,55.387,2.681,145.269985,3.08,2.12,3.37,2.32,-5.77,-3.97,371.35,37.13
197,Entry long,2025-09-09 14:45,buy,54.185,2.681,145.269985,3.08,2.12,3.37,2.32,-5.77,-3.97,371.35,37.13
198,Exit long,2025-09-10 10:00,Long Trail,55.387,3.108,165.678156,6.3,3.80,6.64,4.01,-3.96,-2.39,377.73,37.77
198,Entry long,2025-09-09 17:00,L_2,53.307,3.108,165.678156,6.3,3.80,6.64,4.01,-3.96,-2.39,377.73,37.77
199,Exit long,2025-09-11 01:45,Long Cond TP,56.023,2.67,145.26402,4.17,2.87,4.42,3.04,-2.03,-1.39,381.9,38.19
199,Entry long,2025-09-10 13:15,buy,54.406,2.67,145.26402,4.17,2.87,4.42,3.04,-2.03,-1.39,381.9,38.19
200,Exit long,2025-09-11 22:45,Long Trail,55.902,2.619,145.226169,1.04,0.71,1.58,1.09,-6.39,-4.40,382.75,38.28
200,Entry long,2025-09-11 05:15,buy,55.451,2.619,145.226169,1.04,0.71,1.58,1.09,-6.39,-4.40,382.75,38.28
201,Exit long,2025-09-11 22:45,Long Trail,55.902,0.937,51.116161,1.21,2.37,1.32,2.58,-1.44,-2.82,383.99,38.40
201,Entry long,2025-09-11 13:00,L_2,54.553,0.937,51.116161,1.21,2.37,1.32,2.58,-1.44,-2.82,383.99,38.40
202,Exit long,2025-09-11 22:45,Long Trail,55.902,2.1,114.5613,2.72,2.37,2.95,2.58,-3.24,-2.82,386.77,38.68
202,Entry long,2025-09-11 13:00,L_2,54.553,2.1,114.5613,2.72,2.37,2.95,2.58,-3.24,-2.82,386.77,38.68
203,Exit long,2025-09-11 22:45,Long Trail,55.902,0.519,27.570318,1.41,5.13,1.47,5.34,-0.06,-0.21,388.19,38.82
203,Entry long,2025-09-11 14:30,L_3,53.122,0.519,27.570318,1.41,5.13,1.47,5.34,-0.06,-0.21,388.19,38.82
204,Exit long,2025-09-11 22:45,Long Trail,55.902,3.037,161.331514,8.28,5.13,8.62,5.34,-0.33,-0.21,396.55,39.66
204,Entry long,2025-09-11 14:30,L_3,53.122,3.037,161.331514,8.28,5.13,8.62,5.34,-0.33,-0.21,396.55,39.66
205,Exit long,2025-09-13 15:45,Long Cond TP,56.681,2.568,145.274328,0.14,0.09,1.98,1.36,-4.8,-3.30,396.61,39.66
205,Entry long,2025-09-12 05:00,buy,56.571,2.568,145.274328,0.14,0.09,1.98,1.36,-4.8,-3.30,396.61,39.66
206,Exit long,2025-09-13 15:45,Long Cond TP,56.681,2.977,165.681958,2.89,1.74,3.44,2.07,-2.83,-1.71,399.58,39.96
206,Entry long,2025-09-12 14:45,L_2,55.654,2.977,165.681958,2.89,1.74,3.44,2.07,-2.83,-1.71,399.58,39.96
207,Exit long,2025-09-14 15:45,Long Cond SL,53.731,2.601,145.245042,-5.63,-3.88,0.95,0.65,-5.9,-4.06,393.86,39.39
207,Entry long,2025-09-13 17:00,buy,55.842,2.601,145.245042,-5.63,-3.88,0.95,0.65,-5.9,-4.06,393.86,39.39
208,Exit long,2025-09-14 15:45,Long Cond SL,53.731,3.016,165.689992,-3.8,-2.29,1.02,0.62,-4.12,-2.48,390.14,39.01
208,Entry long,2025-09-13 20:00,L_2,54.937,3.016,165.689992,-3.8,-2.29,1.02,0.62,-4.12,-2.48,390.14,39.01
209,Exit long,2025-09-16 18:30,Long Cond TP,53.859,2.696,145.265872,-0.21,-0.14,2.72,1.87,-5.07,-3.49,389.85,38.99
209,Entry long,2025-09-14 16:15,buy,53.882,2.696,145.265872,-0.21,-0.14,2.72,1.87,-5.07,-3.49,389.85,38.99
210,Exit long,2025-09-16 18:30,Long Cond TP,53.859,3.126,165.706134,2.49,1.50,3.18,1.92,-3.14,-1.90,392.43,39.24
210,Entry long,2025-09-15 10:30,L_2,53.009,3.126,165.706134,2.49,1.50,3.18,1.92,-3.14,-1.90,392.43,39.24
211,Exit long,2025-09-17 09:30,Long Cond TP,55.215,2.687,145.245785,2.97,2.04,3.08,2.12,-0.69,-0.48,395.4,39.54
211,Entry long,2025-09-17 04:45,buy,54.055,2.687,145.245785,2.97,2.04,3.08,2.12,-0.69,-0.48,395.4,39.54
212,Exit long,2025-09-17 23:00,Long Cond TP,56.206,2.653,145.270321,3.7,2.54,3.88,2.67,-1.34,-0.92,399.09,39.91
212,Entry long,2025-09-17 11:30,buy,54.757,2.653,145.270321,3.7,2.54,3.88,2.67,-1.34,-0.92,399.09,39.91
213,Exit long,2025-09-19 09:45,Long Cond SL,56.248,2.483,145.223221,-5.7,-3.92,1.84,1.27,-5.7,-3.93,393.31,39.33
213,Entry long,2025-09-18 07:45,buy,58.487,2.483,145.223221,-5.7,-3.92,1.84,1.27,-5.7,-3.93,393.31,39.33
214,Exit long,2025-09-19 09:45,Long Cond SL,56.248,2.88,165.7152,-3.88,-2.34,4.87,2.94,-3.89,-2.34,389.51,38.95
214,Entry long,2025-09-18 15:45,L_2,57.54,2.88,165.7152,-3.88,-2.34,4.87,2.94,-3.89,-2.34,389.51,38.95
215,Exit long,2025-09-20 21:15,Long Cond SL,54.451,2.576,145.250336,-5.13,-3.53,1.82,1.25,-5.12,-3.52,384.3,38.43
215,Entry long,2025-09-19 12:15,buy,56.386,2.576,145.250336,-5.13,-3.53,1.82,1.25,-5.12,-3.52,384.3,38.43
216,Exit long,2025-09-20 21:15,Long Cond SL,54.451,2.987,165.694864,-3.21,-1.94,3.41,2.05,-3.2,-1.93,381.17,38.12
216,Entry long,2025-09-19 18:00,L_2,55.472,2.987,165.694864,-3.21,-1.94,3.41,2.05,-3.2,-1.93,381.17,38.12
217,Exit long,2025-09-21 13:45,Long Cond SL,52.232,2.679,145.268775,-5.48,-3.77,1.74,1.20,-5.49,-3.78,375.6,37.56
217,Entry long,2025-09-20 21:45,buy,54.225,2.679,145.268775,-5.48,-3.77,1.74,1.20,-5.49,-3.78,375.6,37.56
218,Exit long,2025-09-21 13:45,Long Cond SL,52.232,3.106,165.692676,-3.62,-2.19,0.01,0.00,-3.64,-2.20,372.06,37.21
218,Entry long,2025-09-21 11:15,L_2,53.346,3.106,165.692676,-3.62,-2.19,0.01,0.00,-3.64,-2.20,372.06,37.21
219,Exit long,2025-09-22 03:15,Long Cond SL,50.49,2.763,145.267488,-5.91,-4.06,0.91,0.63,-6,-4.13,366.07,36.61
219,Entry long,2025-09-21 14:15,buy,52.576,2.763,145.267488,-5.91,-4.06,0.91,0.63,-6,-4.13,366.07,36.61
220,Exit long,2025-09-22 03:15,Long Cond SL,50.49,3.203,165.671972,-4.12,-2.48,2.25,1.36,-4.23,-2.55,362.04,36.20
220,Entry long,2025-09-21 18:45,L_2,51.724,3.203,165.671972,-4.12,-2.48,2.25,1.36,-4.23,-2.55,362.04,36.20
221,Exit long,2025-09-22 19:15,Long Cond SL,47.94,3.75,188.88,-9.29,-4.92,0,0.00,-16.7,-8.84,352.75,35.27
221,Entry long,2025-09-22 03:30,L_3,50.368,3.75,188.88,-9.29,-4.92,0,0.00,-16.7,-8.84,352.75,35.27
222,Exit long,2025-09-23 09:30,Long Trail,48.716,3.029,145.264782,2.15,1.48,2.44,1.68,-8.14,-5.60,354.72,35.47
222,Entry long,2025-09-22 19:45,buy,47.958,3.029,145.264782,2.15,1.48,2.44,1.68,-8.14,-5.60,354.72,35.47
223,Exit long,2025-09-23 09:30,Long Trail,48.716,1.082,51.049842,1.61,3.15,1.71,3.36,-2.07,-4.05,356.36,35.64
223,Entry long,2025-09-22 22:45,L_2,47.181,1.082,51.049842,1.61,3.15,1.71,3.36,-2.07,-4.05,356.36,35.64
224,Exit long,2025-09-23 09:30,Long Trail,48.716,2.43,114.64983,3.61,3.15,3.85,3.36,-4.65,-4.05,360.03,36.00
224,Entry long,2025-09-22 22:45,L_2,47.181,2.43,114.64983,3.61,3.15,3.85,3.36,-4.65,-4.05,360.03,36.00
225,Exit long,2025-09-23 09:30,Long Trail,48.716,0.599,27.519857,1.63,5.93,1.69,6.14,-0.4,-1.46,361.67,36.17
225,Entry long,2025-09-23 05:30,L_3,45.943,0.599,27.519857,1.63,5.93,1.69,6.14,-0.4,-1.46,361.67,36.17
226,Exit long,2025-09-23 09:30,Long Trail,48.716,3.512,161.351816,9.57,5.93,9.91,6.14,-2.36,-1.46,371.33,37.13
226,Entry long,2025-09-23 05:30,L_3,45.943,3.512,161.351816,9.57,5.93,9.91,6.14,-2.36,-1.46,371.33,37.13
227,Exit long,2025-09-23 22:45,Long Cond SL,44.58,3.026,145.266156,-10.51,-7.23,1.65,1.14,-10.77,-7.41,360.64,36.06
227,Entry long,2025-09-23 13:15,buy,48.006,3.026,145.266156,-10.51,-7.23,1.65,1.14,-10.77,-7.41,360.64,36.06
228,Exit long,2025-09-23 22:45,Long Cond SL,44.58,3.508,165.675824,-9.45,-5.70,1.6,0.97,-9.76,-5.89,351.27,35.13
228,Entry long,2025-09-23 17:45,L_2,47.228,3.508,165.675824,-9.45,-5.70,1.6,0.97,-9.76,-5.89,351.27,35.13
229,Exit long,2025-09-23 22:45,Long Cond SL,44.58,4.107,188.876823,-5.97,-3.16,0.19,0.10,-6.33,-3.35,345.4,34.54
229,Entry long,2025-09-23 21:30,L_3,45.989,4.107,188.876823,-5.97,-3.16,0.19,0.10,-6.33,-3.35,345.4,34.54
230,Exit long,2025-09-24 14:15,Long Trail,45.373,3.261,145.274289,2.54,1.75,3.62,2.49,-4.25,-2.92,347.85,34.79
230,Entry long,2025-09-24 02:30,buy,44.549,3.261,145.274289,2.54,1.75,3.62,2.49,-4.25,-2.92,347.85,34.79
231,Exit long,2025-09-24 14:15,Long Trail,45.373,3.781,165.709887,5.68,3.42,6.02,3.63,-2.2,-1.32,353.61,35.36
231,Entry long,2025-09-24 07:00,L_2,43.827,3.781,165.709887,5.68,3.42,6.02,3.63,-2.2,-1.32,353.61,35.36
232,Exit long,2025-09-24 23:15,Long Trail,46.253,3.226,145.237746,3.83,2.63,4.13,2.84,-0.6,-0.42,357.44,35.74
232,Entry long,2025-09-24 19:15,buy,45.021,3.226,145.237746,3.83,2.63,4.13,2.84,-0.6,-0.42,357.44,35.74
233,Exit long,2025-09-25 14:15,Long Cond SL,42.16,3.186,145.243368,-11.06,-7.61,1.33,0.91,-12.04,-8.28,346.2,34.62
233,Entry long,2025-09-25 02:30,buy,45.588,3.186,145.243368,-11.06,-7.61,1.33,0.91,-12.04,-8.28,346.2,34.62
234,Exit long,2025-09-25 14:15,Long Cond SL,42.16,3.694,165.6759,-10.1,-6.09,0.59,0.36,-11.23,-6.78,336.19,33.62
234,Entry long,2025-09-25 04:30,L_2,44.85,3.694,165.6759,-10.1,-6.09,0.59,0.36,-11.23,-6.78,336.19,33.62
235,Exit long,2025-09-25 14:15,Long Cond SL,42.16,4.325,188.885725,-6.73,-3.56,0.58,0.30,-8.06,-4.26,329.55,32.96
235,Entry long,2025-09-25 06:15,L_3,43.673,4.325,188.885725,-6.73,-3.56,0.58,0.30,-8.06,-4.26,329.55,32.96
236,Exit long,2025-09-25 21:30,Long Trail,42.809,3.475,145.255,3.36,2.31,3.66,2.52,-3.77,-2.59,332.83,33.28
236,Entry long,2025-09-25 15:00,buy,41.8,3.475,145.255,3.36,2.31,3.66,2.52,-3.77,-2.59,332.83,33.28
237,Exit long,2025-09-25 21:30,Long Trail,42.809,4.029,165.684567,6.62,4.00,6.97,4.20,-1.64,-0.99,339.54,33.95
237,Entry long,2025-09-25 15:15,L_2,41.123,4.029,165.684567,6.62,4.00,6.97,4.20,-1.64,-0.99,339.54,33.95
238,Exit long,2025-09-26 00:00,Long Trail,43.417,3.462,145.272444,4.89,3.36,5.19,3.57,-2.54,-1.75,344.34,34.43
238,Entry long,2025-09-25 23:15,buy,41.962,3.462,145.272444,4.89,3.36,5.19,3.57,-2.54,-1.75,344.34,34.43
239,Exit long,2025-09-26 00:00,Long Trail,43.417,4.014,165.709962,8.4,5.06,8.74,5.27,-0.22,-0.13,352.82,35.28
239,Entry long,2025-09-25 23:30,L_2,41.283,4.014,165.709962,8.4,5.06,8.74,5.27,-0.22,-0.13,352.82,35.28
240,Exit long,2025-09-26 04:00,Long Trail,42.487,3.505,145.243695,3.53,2.43,3.82,2.63,-6.16,-4.24,356.26,35.63
240,Entry long,2025-09-26 00:45,buy,41.439,3.505,145.243695,3.53,2.43,3.82,2.63,-6.16,-4.24,356.26,35.63
241,Exit long,2025-09-26 04:00,Long Trail,42.487,4.064,165.677088,6.82,4.11,7.17,4.32,-4.41,-2.66,363.17,36.32
241,Entry long,2025-09-26 01:45,L_2,40.767,4.064,165.677088,6.82,4.11,7.17,4.32,-4.41,-2.66,363.17,36.32
242,Exit long,2025-09-26 16:30,Long Trail,43.253,3.437,145.264805,3.25,2.24,3.55,2.44,-5.28,-3.64,366.33,36.63
242,Entry long,2025-09-26 08:30,buy,42.265,3.437,145.264805,3.25,2.24,3.55,2.44,-5.28,-3.64,366.33,36.63
243,Exit long,2025-09-26 16:30,Long Trail,43.253,3.985,165.6963,6.5,3.92,6.84,4.13,-3.39,-2.05,372.91,37.29
243,Entry long,2025-09-26 13:00,L_2,41.58,3.985,165.6963,6.5,3.92,6.84,4.13,-3.39,-2.05,372.91,37.29
244,Exit long,2025-09-27 16:30,Long Trail,45.778,3.243,145.270185,3.04,2.09,3.34,2.30,-5.68,-3.91,375.87,37.59
244,Entry long,2025-09-26 22:45,buy,44.795,3.243,145.270185,3.04,2.09,3.34,2.30,-5.68,-3.91,375.87,37.59
245,Exit long,2025-09-27 16:30,Long Trail,45.778,3.76,165.69944,6.26,3.77,6.6,3.98,-3.85,-2.32,382.21,38.22
245,Entry long,2025-09-27 06:00,L_2,44.069,3.76,165.69944,6.26,3.77,6.6,3.98,-3.85,-2.32,382.21,38.22
246,Exit long,2025-09-28 20:00,Long Trail,45.913,3.196,145.270984,1.32,0.91,1.61,1.11,-8.32,-5.72,383.36,38.34
246,Entry long,2025-09-28 02:30,buy,45.454,3.196,145.270984,1.32,0.91,1.61,1.11,-8.32,-5.72,383.36,38.34
247,Exit long,2025-09-28 20:00,Long Trail,45.913,1.142,51.067956,1.31,2.57,1.42,2.78,-2.13,-4.17,384.69,38.47
247,Entry long,2025-09-28 06:15,L_2,44.718,1.142,51.067956,1.31,2.57,1.42,2.78,-2.13,-4.17,384.69,38.47
248,Exit long,2025-09-28 20:00,Long Trail,45.913,2.563,114.612234,2.95,2.57,3.18,2.78,-4.78,-4.17,387.7,38.77
248,Entry long,2025-09-28 06:15,L_2,44.718,2.563,114.612234,2.95,2.57,3.18,2.78,-4.78,-4.17,387.7,38.77
249,Exit long,2025-09-28 20:00,Long Trail,45.913,0.633,27.563985,1.47,5.33,1.53,5.54,-0.44,-1.59,389.18,38.92
249,Entry long,2025-09-28 14:15,L_3,43.545,0.633,27.563985,1.47,5.33,1.53,5.54,-0.44,-1.59,389.18,38.92
250,Exit long,2025-09-28 20:00,Long Trail,45.913,3.705,161.334225,8.61,5.33,8.95,5.54,-2.57,-1.59,397.87,39.79
250,Entry long,2025-09-28 14:15,L_3,43.545,3.705,161.334225,8.61,5.33,8.95,5.54,-2.57,-1.59,397.87,39.79
251,Exit long,2025-09-29 11:45,Long Trail,48.023,3.108,145.258596,3.85,2.65,4.15,2.86,-0.3,-0.20,401.72,40.17
251,Entry long,2025-09-29 06:15,buy,46.737,3.108,145.258596,3.85,2.65,4.15,2.86,-0.3,-0.20,401.72,40.17
252,Exit long,2025-09-29 17:45,Long Trail,47.781,3.105,145.23948,2.97,2.05,3.27,2.25,-3.27,-2.25,404.61,40.46
252,Entry long,2025-09-29 13:45,buy,46.776,3.105,145.23948,2.97,2.05,3.27,2.25,-3.27,-2.25,404.61,40.46
253,Exit long,2025-09-29 17:45,Long Trail,47.781,3.601,165.714419,6.18,3.73,6.52,3.93,-1.07,-0.65,410.87,41.09
253,Entry long,2025-09-29 14:15,L_2,46.019,3.601,165.714419,6.18,3.73,6.52,3.93,-1.07,-0.65,410.87,41.09
254,Exit long,2025-10-01 11:00,Long Cond TP,45.779,3.127,145.274166,-2.27,-1.56,1.93,1.33,-9.34,-6.42,408.43,40.84
254,Entry long,2025-09-29 19:45,buy,46.458,3.127,145.274166,-2.27,-1.56,1.93,1.33,-9.34,-6.42,408.43,40.84
255,Exit long,2025-10-01 11:00,Long Cond TP,45.779,3.625,165.680625,0.1,0.06,4.97,3.00,-8.09,-4.88,408.61,40.86
255,Entry long,2025-09-29 20:00,L_2,45.705,3.625,165.680625,0.1,0.06,4.97,3.00,-8.09,-4.88,408.61,40.86
256,Exit long,2025-10-01 11:00,Long Cond TP,45.779,4.244,188.883464,5.21,2.76,8.3,4.39,-4.39,-2.32,413.92,41.39
256,Entry long,2025-09-30 07:15,L_3,44.506,4.244,188.883464,5.21,2.76,8.3,4.39,-4.39,-2.32,413.92,41.39
257,Exit long,2025-10-02 04:30,Long Cond TP,48.587,3.097,145.270979,5.06,3.48,5.3,3.64,-1.94,-1.33,418.97,41.90
257,Entry long,2025-10-01 21:00,buy,46.907,3.097,145.270979,5.06,3.48,5.3,3.64,-1.94,-1.33,418.97,41.90
258,Exit long,2025-10-02 21:15,Long Trail,50.032,2.986,145.2689,3.98,2.74,4.28,2.95,-0.37,-0.26,422.95,42.30
258,Entry long,2025-10-02 10:45,buy,48.65,2.986,145.2689,3.98,2.74,4.28,2.95,-0.37,-0.26,422.95,42.30
259,Exit long,2025-10-05 06:30,Long Cond TP,50.225,2.897,145.275859,0.08,0.06,2.09,1.44,-7.23,-4.97,422.85,42.29
259,Entry long,2025-10-03 00:45,buy,50.147,2.897,145.275859,0.08,0.06,2.09,1.44,-7.23,-4.97,422.85,42.29
260,Exit long,2025-10-05 06:30,Long Cond TP,50.225,3.358,165.66693,2.82,1.70,5.15,3.11,-5.65,-3.41,425.76,42.58
260,Entry long,2025-10-03 10:15,L_2,49.335,3.358,165.66693,2.82,1.70,5.15,3.11,-5.65,-3.41,425.76,42.58
261,Exit long,2025-10-05 06:30,Long Cond TP,50.225,3.932,188.897212,8.39,4.44,8.79,4.65,-1.52,-0.81,434.25,43.42
261,Entry long,2025-10-04 13:45,L_3,48.041,3.932,188.897212,8.39,4.44,8.79,4.65,-1.52,-0.81,434.25,43.42
262,Exit long,2025-10-06 20:15,Long Cond TP,48.876,2.967,145.261353,-0.39,-0.27,1.69,1.16,-4.84,-3.33,433.77,43.38
262,Entry long,2025-10-05 14:15,buy,48.959,2.967,145.261353,-0.39,-0.27,1.69,1.16,-4.84,-3.33,433.77,43.38
263,Exit long,2025-10-06 20:15,Long Cond TP,48.876,3.44,165.69104,2.28,1.37,3.45,2.08,-2.89,-1.74,436.13,43.61
263,Entry long,2025-10-05 21:00,L_2,48.166,3.44,165.69104,2.28,1.37,3.45,2.08,-2.89,-1.74,436.13,43.61
264,Exit long,2025-10-07 10:45,Long Cond SL,45.825,2.98,145.23626,-8.82,-6.07,0.42,0.29,-9.09,-6.26,427.14,42.71
264,Entry long,2025-10-07 00:15,buy,48.737,2.98,145.23626,-8.82,-6.07,0.42,0.29,-9.09,-6.26,427.14,42.71
265,Exit long,2025-10-07 10:45,Long Cond SL,45.825,3.456,165.708288,-7.5,-4.52,0.35,0.21,-7.82,-4.72,419.72,41.97
265,Entry long,2025-10-07 02:00,L_2,47.948,3.456,165.708288,-7.5,-4.52,0.35,0.21,-7.82,-4.72,419.72,41.97
266,Exit long,2025-10-07 10:45,Long Cond SL,45.825,4.046,188.90774,-3.69,-1.95,2.17,1.15,-4.06,-2.15,416.13,41.61
266,Entry long,2025-10-07 04:15,L_3,46.69,4.046,188.90774,-3.69,-1.95,2.17,1.15,-4.06,-2.15,416.13,41.61
267,Exit long,2025-10-08 13:30,Long Trail,46.597,3.176,145.23848,2.61,1.79,2.9,2.00,-3.89,-2.68,418.65,41.87
267,Entry long,2025-10-07 11:30,buy,45.73,3.176,145.23848,2.61,1.79,2.9,2.00,-3.89,-2.68,418.65,41.87
268,Exit long,2025-10-08 13:30,Long Trail,46.597,3.683,165.694487,5.75,3.47,6.1,3.68,-1.78,-1.08,424.49,42.45
268,Entry long,2025-10-07 17:30,L_2,44.989,3.683,165.694487,5.75,3.47,6.1,3.68,-1.78,-1.08,424.49,42.45
269,Exit long,2025-10-08 21:45,Long Trail,47.284,3.164,145.246584,4.21,2.90,4.51,3.10,-0.88,-0.61,428.7,42.87
269,Entry long,2025-10-08 14:45,buy,45.906,3.164,145.246584,4.21,2.90,4.51,3.10,-0.88,-0.61,428.7,42.87
270,Exit long,2025-10-09 17:30,Long Cond SL,43.524,3.136,145.256384,-8.91,-6.13,1.45,1.00,-9.64,-6.63,419.62,41.96
270,Entry long,2025-10-09 00:00,buy,46.319,3.136,145.256384,-8.91,-6.13,1.45,1.00,-9.64,-6.63,419.62,41.96
271,Exit long,2025-10-09 17:30,Long Cond SL,43.524,3.636,165.685248,-7.59,-4.58,1.12,0.68,-8.45,-5.09,412.11,41.21
271,Entry long,2025-10-09 04:00,L_2,45.568,3.636,165.685248,-7.59,-4.58,1.12,0.68,-8.45,-5.09,412.11,41.21
272,Exit long,2025-10-09 17:30,Long Cond SL,43.524,4.257,188.895861,-3.8,-2.01,2.53,1.34,-4.8,-2.54,408.4,40.84
272,Entry long,2025-10-09 12:15,L_3,44.373,4.257,188.895861,-3.8,-2.01,2.53,1.34,-4.8,-2.54,408.4,40.84
273,Exit long,2025-10-09 23:00,Long Trail,43.922,3.369,145.254435,2.57,1.77,2.87,1.97,-2.65,-1.82,410.89,41.09
273,Entry long,2025-10-09 18:15,buy,43.115,3.369,145.254435,2.57,1.77,2.87,1.97,-2.65,-1.82,410.89,41.09
274,Exit long,2025-10-09 23:00,Long Trail,43.922,3.906,165.676896,5.71,3.45,6.06,3.65,-0.34,-0.21,416.68,41.67
274,Entry long,2025-10-09 19:45,L_2,42.416,3.906,165.676896,5.71,3.45,6.06,3.65,-0.34,-0.21,416.68,41.67
275,Exit long,2025-10-10 17:00,Long Trail,45.335,3.3,145.2561,4.2,2.89,4.5,3.10,-1.94,-1.33,420.89,42.09
275,Entry long,2025-10-10 06:15,buy,44.017,3.3,145.2561,4.2,2.89,4.5,3.10,-1.94,-1.33,420.89,42.09
276,Exit long,2025-10-10 23:45,Long Cond SL,40.795,3.28,145.24496,-11.58,-7.97,0,0.00,-12.24,-8.42,409.13,40.91
276,Entry long,2025-10-10 18:00,buy,44.282,3.28,145.24496,-11.58,-7.97,0,0.00,-12.24,-8.42,409.13,40.91
277,Exit long,2025-10-10 23:45,Long Cond SL,40.795,3.803,165.677695,-10.69,-6.45,0,0.00,-11.47,-6.92,398.52,39.85
277,Entry long,2025-10-10 18:15,L_2,43.565,3.803,165.677695,-10.69,-6.45,0,0.00,-11.47,-6.92,398.52,39.85
278,Exit long,2025-10-10 23:45,Long Cond SL,40.795,4.453,188.905166,-7.43,-3.93,4.92,2.60,-8.33,-4.41,391.19,39.12
278,Entry long,2025-10-10 18:30,L_3,42.422,4.453,188.905166,-7.43,-3.93,4.92,2.60,-8.33,-4.41,391.19,39.12
279,Exit long,2025-10-11 05:00,Long Trail,37.565,3.999,145.275672,4.8,3.30,5.1,3.51,-1.21,-0.83,395.98,39.60
279,Entry long,2025-10-11 04:45,buy,36.328,3.999,145.275672,4.8,3.30,5.1,3.51,-1.21,-0.83,395.98,39.60
280,Exit long,2025-10-11 12:00,Long Trail,40.437,3.724,145.239724,5.2,3.58,5.5,3.79,-1.64,-1.13,401.18,40.12
280,Entry long,2025-10-11 10:00,buy,39.001,3.724,145.239724,5.2,3.58,5.5,3.79,-1.64,-1.13,401.18,40.12
281,Exit long,2025-10-12 17:45,Long Trail,39.102,3.742,145.275666,0.9,0.62,1.25,0.86,-13.88,-9.55,401.9,40.19
281,Entry long,2025-10-11 16:30,buy,38.823,3.742,145.275666,0.9,0.62,1.25,0.86,-13.88,-9.55,401.9,40.19
282,Exit long,2025-10-12 17:45,Long Trail,39.102,1.337,51.065378,1.16,2.28,1.27,2.48,-4.12,-8.06,403.09,40.31
282,Entry long,2025-10-11 17:15,L_2,38.194,1.337,51.065378,1.16,2.28,1.27,2.48,-4.12,-8.06,403.09,40.31
283,Exit long,2025-10-12 17:45,Long Trail,39.102,3.001,114.620194,2.61,2.28,2.84,2.48,-9.24,-8.06,405.76,40.58
283,Entry long,2025-10-11 17:15,L_2,38.194,3.001,114.620194,2.61,2.28,2.84,2.48,-9.24,-8.06,405.76,40.58
284,Exit long,2025-10-12 17:45,Long Trail,39.102,0.741,27.560013,1.39,5.03,1.44,5.24,-1.54,-5.58,407.16,40.72
284,Entry long,2025-10-11 22:00,L_3,37.193,0.741,27.560013,1.39,5.03,1.44,5.24,-1.54,-5.58,407.16,40.72
285,Exit long,2025-10-12 17:45,Long Trail,39.102,4.338,161.343234,8.12,5.03,8.46,5.24,-9.01,-5.58,415.36,41.54
285,Entry long,2025-10-11 22:00,L_3,37.193,4.338,161.343234,8.12,5.03,8.46,5.24,-9.01,-5.58,415.36,41.54
286,Exit long,2025-10-12 23:30,Long Trail,40.627,3.685,145.251645,4.31,2.97,4.61,3.17,-1.1,-0.75,419.67,41.97
286,Entry long,2025-10-12 21:45,buy,39.417,3.685,145.251645,4.31,2.97,4.61,3.17,-1.1,-0.75,419.67,41.97
287,Exit long,2025-10-13 09:30,Long Trail,40.939,3.651,145.262337,4.06,2.79,4.36,3.00,-6.01,-4.13,423.64,42.36
287,Entry long,2025-10-13 00:30,buy,39.787,3.651,145.262337,4.06,2.79,4.36,3.00,-6.01,-4.13,423.64,42.36
288,Exit long,2025-10-13 09:30,Long Trail,40.939,4.233,165.688086,7.44,4.49,7.78,4.69,-4.23,-2.55,431.16,43.12
288,Entry long,2025-10-13 06:30,L_2,39.142,4.233,165.688086,7.44,4.49,7.78,4.69,-4.23,-2.55,431.16,43.12
289,Exit long,2025-10-13 22:15,Long Trail,41.715,3.52,145.24224,1.45,1.00,1.74,1.20,-6.48,-4.46,432.43,43.24
289,Entry long,2025-10-13 13:45,buy,41.262,3.52,145.24224,1.45,1.00,1.74,1.20,-6.48,-4.46,432.43,43.24
290,Exit long,2025-10-13 22:15,Long Trail,41.715,1.259,51.106587,1.36,2.66,1.47,2.87,-1.48,-2.89,433.82,43.38
290,Entry long,2025-10-13 14:00,L_2,40.593,1.259,51.106587,1.36,2.66,1.47,2.87,-1.48,-2.89,433.82,43.38
291,Exit long,2025-10-13 22:15,Long Trail,41.715,2.823,114.594039,3.05,2.66,3.29,2.87,-3.31,-2.89,436.93,43.69
291,Entry long,2025-10-13 14:00,L_2,40.593,2.823,114.594039,3.05,2.66,3.29,2.87,-3.31,-2.89,436.93,43.69
292,Exit long,2025-10-13 22:15,Long Trail,41.715,0.697,27.551713,1.5,5.42,1.55,5.64,-0.08,-0.27,438.44,43.84
292,Entry long,2025-10-13 14:15,L_3,39.529,0.697,27.551713,1.5,5.42,1.55,5.64,-0.08,-0.27,438.44,43.84
293,Exit long,2025-10-13 22:15,Long Trail,41.715,4.082,161.357378,8.76,5.42,9.1,5.64,-0.44,-0.27,447.28,44.73
293,Entry long,2025-10-13 14:15,L_3,39.529,4.082,161.357378,8.76,5.42,9.1,5.64,-0.44,-0.27,447.28,44.73
294,Exit long,2025-10-14 13:00,Long Cond SL,38.304,3.427,145.246541,-14.12,-9.71,2.54,1.75,-14.61,-10.05,432.98,43.30
294,Entry long,2025-10-14 03:00,buy,42.383,3.427,145.246541,-14.12,-9.71,2.54,1.75,-14.61,-10.05,432.98,43.30
295,Exit long,2025-10-14 13:00,Long Cond SL,38.304,3.974,165.699904,-13.64,-8.23,1.68,1.01,-14.21,-8.57,419.43,41.94
295,Entry long,2025-10-14 05:00,L_2,41.696,3.974,165.699904,-13.64,-8.23,1.68,1.01,-14.21,-8.57,419.43,41.94
296,Exit long,2025-10-14 13:00,Long Cond SL,38.304,4.652,188.885156,-10.88,-5.76,2.39,1.27,-11.55,-6.11,408.64,40.86
296,Entry long,2025-10-14 07:00,L_3,40.603,4.652,188.885156,-10.88,-5.76,2.39,1.27,-11.55,-6.11,408.64,40.86
297,Exit long,2025-10-14 17:15,Long Trail,39.331,3.811,145.263887,4.48,3.08,4.78,3.29,-3.05,-2.10,413.04,41.30
297,Entry long,2025-10-14 13:30,buy,38.117,3.811,145.263887,4.48,3.08,4.78,3.29,-3.05,-2.10,413.04,41.30
298,Exit long,2025-10-14 17:15,Long Trail,39.331,4.419,165.708081,7.93,4.78,8.27,4.99,-0.8,-0.48,421.05,42.10
298,Entry long,2025-10-14 15:45,L_2,37.499,4.419,165.708081,7.93,4.78,8.27,4.99,-0.8,-0.48,421.05,42.10
299,Exit long,2025-10-15 11:00,Long Trail,40.067,3.733,145.239831,4.18,2.88,4.49,3.09,-1.47,-1.01,425.23,42.52
299,Entry long,2025-10-14 22:45,buy,38.907,3.733,145.239831,4.18,2.88,4.49,3.09,-1.47,-1.01,425.23,42.52
300,Exit long,2025-10-16 03:30,Long Cond SL,37.195,3.606,145.271316,-11.29,-7.76,2.22,1.53,-12.64,-8.69,413.77,41.38
300,Entry long,2025-10-15 13:45,buy,40.286,3.606,145.271316,-11.29,-7.76,2.22,1.53,-12.64,-8.69,413.77,41.38
301,Exit long,2025-10-16 03:30,Long Cond SL,37.195,4.181,165.709754,-10.36,-6.25,2.77,1.67,-11.92,-7.19,403.49,40.35
301,Entry long,2025-10-15 15:30,L_2,39.634,4.181,165.709754,-10.36,-6.25,2.77,1.67,-11.92,-7.19,403.49,40.35
302,Exit long,2025-10-16 03:30,Long Cond SL,37.195,4.894,188.879036,-7.03,-3.72,2.51,1.33,-8.86,-4.69,396.55,39.66
302,Entry long,2025-10-15 18:45,L_3,38.594,4.894,188.879036,-7.03,-3.72,2.51,1.33,-8.86,-4.69,396.55,39.66
303,Exit long,2025-10-16 12:45,Long Trail,38.386,3.901,145.269339,4.33,2.98,4.63,3.18,-1.5,-1.03,400.88,40.09
303,Entry long,2025-10-16 08:00,buy,37.239,3.901,145.269339,4.33,2.98,4.63,3.18,-1.5,-1.03,400.88,40.09
304,Exit long,2025-10-17 09:45,Long Cond SL,35.21,3.778,145.248988,-12.36,-8.51,1.48,1.02,-12.34,-8.49,388.26,38.83
304,Entry long,2025-10-16 17:00,buy,38.446,3.778,145.248988,-12.36,-8.51,1.48,1.02,-12.34,-8.49,388.26,38.83
305,Exit long,2025-10-17 09:45,Long Cond SL,35.21,4.381,165.303892,-11.21,-6.78,4.85,2.93,-11.18,-6.76,377.13,37.71
305,Entry long,2025-10-16 17:00,L_2,37.732,4.381,165.303892,-11.21,-6.78,4.85,2.93,-11.18,-6.76,377.13,37.71
306,Exit long,2025-10-17 09:45,Long Cond SL,35.21,4.381,165.706944,-11.61,-7.00,4.44,2.68,-11.58,-6.98,365.6,36.56
306,Entry long,2025-10-16 17:15,L_2,37.824,4.381,165.706944,-11.61,-7.00,4.44,2.68,-11.58,-6.98,365.6,36.56
307,Exit long,2025-10-17 09:45,Long Cond SL,35.21,5.129,188.911328,-8.5,-4.50,7.43,3.93,-8.46,-4.48,357.19,35.72
307,Entry long,2025-10-16 19:00,L_3,36.832,5.129,188.911328,-8.5,-4.50,7.43,3.93,-8.46,-4.48,357.19,35.72
308,Exit long,2025-10-17 19:00,Long Trail,35.451,4.186,145.250014,3,2.07,3.3,2.27,-4.7,-3.23,360.03,36.00
308,Entry long,2025-10-17 17:30,buy,34.699,4.186,145.250014,3,2.07,3.3,2.27,-4.7,-3.23,360.03,36.00
309,Exit long,2025-10-17 19:00,Long Trail,35.451,4.854,163.065276,8.85,5.42,9.19,5.63,0,0.00,368.96,36.90
309,Entry long,2025-10-17 17:30,L_2,33.594,4.854,163.065276,8.85,5.42,9.19,5.63,0,0.00,368.96,36.90
310,Exit long,2025-10-17 19:00,Long Trail,35.451,4.854,165.671874,6.24,3.76,6.58,3.97,-0.64,-0.38,375.28,37.53
310,Entry long,2025-10-17 17:30,L_2,34.131,4.854,165.671874,6.24,3.76,6.58,3.97,-0.64,-0.38,375.28,37.53
311,Exit long,2025-10-18 00:45,Long Trail,35.91,4.174,145.263548,4.48,3.08,4.78,3.29,-1.12,-0.77,379.75,37.98
311,Entry long,2025-10-17 22:30,buy,34.802,4.174,145.263548,4.48,3.08,4.78,3.29,-1.12,-0.77,379.75,37.98
312,Exit long,2025-10-18 11:15,Long Trail,36.267,4.138,145.2438,4.68,3.22,4.98,3.43,-2.13,-1.47,384.44,38.44
312,Entry long,2025-10-18 02:15,buy,35.1,4.138,145.2438,4.68,3.22,4.98,3.43,-2.13,-1.47,384.44,38.44
313,Exit long,2025-10-18 21:30,Long Trail,36.474,4.062,145.269306,2.74,1.89,3.04,2.09,-3.44,-2.37,387.09,38.71
313,Entry long,2025-10-18 15:45,buy,35.763,4.062,145.269306,2.74,1.89,3.04,2.09,-3.44,-2.37,387.09,38.71
314,Exit long,2025-10-18 21:30,Long Trail,36.474,4.709,165.681456,5.91,3.56,6.25,3.77,-1.26,-0.76,393.08,39.31
314,Entry long,2025-10-18 16:15,L_2,35.184,4.709,165.681456,5.91,3.56,6.25,3.77,-1.26,-0.76,393.08,39.31
315,Exit long,2025-10-19 13:15,Long Trail,37.156,3.986,145.241868,2.72,1.87,3.01,2.07,-2.96,-2.04,395.71,39.57
315,Entry long,2025-10-19 04:00,buy,36.438,3.986,145.241868,2.72,1.87,3.01,2.07,-2.96,-2.04,395.71,39.57
316,Exit long,2025-10-19 13:15,Long Trail,37.156,4.622,165.684834,5.88,3.55,6.23,3.76,-0.7,-0.42,401.68,40.17
316,Entry long,2025-10-19 12:00,L_2,35.847,4.622,165.684834,5.88,3.55,6.23,3.76,-0.7,-0.42,401.68,40.17
317,Exit long,2025-10-20 08:30,Long Trail,38.698,3.842,145.254494,3.28,2.25,3.57,2.46,-4.43,-3.05,404.87,40.49
317,Entry long,2025-10-19 23:00,buy,37.807,3.842,145.254494,3.28,2.25,3.57,2.46,-4.43,-3.05,404.87,40.49
318,Exit long,2025-10-20 08:30,Long Trail,38.698,4.455,165.69927,6.53,3.94,6.88,4.15,-2.4,-1.45,411.49,41.15
318,Entry long,2025-10-20 03:00,L_2,37.194,4.455,165.69927,6.53,3.94,6.88,4.15,-2.4,-1.45,411.49,41.15
319,Exit long,2025-10-20 16:45,Long Trail,39.279,3.805,145.248265,4.06,2.79,4.36,3.00,-1.06,-0.73,415.55,41.55
319,Entry long,2025-10-20 14:00,buy,38.173,3.805,145.248265,4.06,2.79,4.36,3.00,-1.06,-0.73,415.55,41.55
320,Exit long,2025-10-21 08:00,Long Cond SL,36.035,3.758,145.250458,-9.97,-6.86,0.55,0.38,-10.77,-7.41,405.4,40.54
320,Entry long,2025-10-20 19:15,buy,38.651,3.758,145.250458,-9.97,-6.86,0.55,0.38,-10.77,-7.41,405.4,40.54
321,Exit long,2025-10-21 08:00,Long Cond SL,36.035,4.358,165.71295,-8.83,-5.33,3.37,2.03,-9.76,-5.89,396.65,39.66
321,Entry long,2025-10-20 19:30,L_2,38.025,4.358,165.71295,-8.83,-5.33,3.37,2.03,-9.76,-5.89,396.65,39.66
322,Exit long,2025-10-21 08:00,Long Cond SL,36.035,5.101,188.879828,-5.25,-2.78,0.34,0.18,-6.34,-3.35,391.49,39.15
322,Entry long,2025-10-21 06:45,L_3,37.028,5.101,188.879828,-5.25,-2.78,0.34,0.18,-6.34,-3.35,391.49,39.15
323,Exit long,2025-10-21 17:15,Long Trail,37.012,4.041,145.27395,4.14,2.85,4.45,3.06,-0.1,-0.07,395.64,39.56
323,Entry long,2025-10-21 17:00,buy,35.95,4.041,145.27395,4.14,2.85,4.45,3.06,-0.1,-0.07,395.64,39.56
324,Exit long,2025-10-23 03:00,Long Cond TP,36.635,3.934,145.259016,-1.28,-0.88,0.71,0.49,-9.86,-6.78,394.18,39.42
324,Entry long,2025-10-21 22:15,buy,36.924,3.934,145.259016,-1.28,-0.88,0.71,0.49,-9.86,-6.78,394.18,39.42
325,Exit long,2025-10-23 03:00,Long Cond TP,36.635,4.561,165.682886,1.24,0.75,2.16,1.30,-8.7,-5.25,395.5,39.55
325,Entry long,2025-10-21 23:30,L_2,36.326,4.561,165.682886,1.24,0.75,2.16,1.30,-8.7,-5.25,395.5,39.55
326,Exit long,2025-10-23 03:00,Long Cond TP,36.635,5.34,188.89182,6.55,3.46,7.62,4.03,-5.1,-2.70,402.14,40.21
326,Entry long,2025-10-22 02:30,L_3,35.373,5.34,188.89182,6.55,3.46,7.62,4.03,-5.1,-2.70,402.14,40.21
327,Exit long,2025-10-23 09:15,Long Trail,38.606,3.881,145.254187,4.43,3.05,4.73,3.25,-1.71,-1.17,406.57,40.66
327,Entry long,2025-10-23 07:15,buy,37.427,3.881,145.254187,4.43,3.05,4.73,3.25,-1.71,-1.17,406.57,40.66
328,Exit long,2025-10-23 15:45,Long Trail,40.369,3.74,145.25412,5.58,3.84,5.88,4.04,-1.46,-1.00,412.15,41.21
328,Entry long,2025-10-23 14:45,buy,38.838,3.74,145.25412,5.58,3.84,5.88,4.04,-1.46,-1.00,412.15,41.21
329,Exit long,2025-10-24 03:15,Long Trail,40.365,3.702,145.244268,4.04,2.78,4.34,2.99,-1.42,-0.97,416.19,41.62
329,Entry long,2025-10-23 21:15,buy,39.234,3.702,145.244268,4.04,2.78,4.34,2.99,-1.42,-0.97,416.19,41.62
330,Exit long,2025-10-24 09:00,Long Trail,40.55,3.648,145.267008,2.51,1.73,2.81,1.93,-2.77,-1.91,418.62,41.86
330,Entry long,2025-10-24 04:30,buy,39.821,3.648,145.267008,2.51,1.73,2.81,1.93,-2.77,-1.91,418.62,41.86
331,Exit long,2025-10-24 09:00,Long Trail,40.55,4.23,165.71025,5.65,3.41,5.99,3.61,-0.48,-0.29,424.35,42.43
331,Entry long,2025-10-24 06:15,L_2,39.175,4.23,165.71025,5.65,3.41,5.99,3.61,-0.48,-0.29,424.35,42.43
332,Exit long,2025-10-24 21:25,Open,39.206,3.625,145.2465,-3.27,-2.25,1.51,1.04,-5.21,-3.59,420.93,42.09
332,Entry long,2025-10-24 12:45,buy,40.068,3.625,145.2465,-3.27,-2.25,1.51,1.04,-5.21,-3.59,420.93,42.09
333,Exit long,2025-10-24 21:25,Open,39.206,4.203,165.678057,-1.06,-0.64,1.41,0.85,-3.31,-2.00,423.13,42.31
333,Entry long,2025-10-24 16:30,L_2,39.419,4.203,165.678057,-1.06,-0.64,1.41,0.85,-3.31,-2.00,423.13,42.31
